order_id,order_date,delivery_date,customer_name,customer_type,customer_age,region,county,city,branch,sales_rep,lead_source,car_make,car_model,vehicle_type,vehicle_year,fuel_type,transmission,color,units_sold,unit_selling_price,unit_cost,discount,delivery_fee,logistics_cost,payment_method,payment_status,delivery_status,customer_rating,review_count,returned,revenue_recorded
LC1000,"Aug 29, 2025",30/08/2025,Joy Wanjiku,Ngo,54,Nyanza Region,Kisumu,Kisumu,KSM YARD,Mary Wanjiku,walk in,Toyota,prado tx,SUV,2016,petrol,Manual,black,3,"KSh 8,136,000",6986000,7%,39000,"KES 56,000",Cash,Paid,AT YARD,4.5 out of 5,2,not returned,"KES -22,738,440"
LCL-1001,19/01/2026,46066,CAROL MAINA,Corporate,46,Western,Kakamega,Kakamega,Kakamega Yard,Mary Wanj1ku,Facebook,Toyta,Prado TX,SUV,2016,Diesel,AUTO,PEARL,3,"KSh 6,708,000","KSh 5,566,000",10%,"162,000","KSh213,000",Asset Finance,complete,held,4.5 out of 5,17,,9.14M
LCL-1002,26-Mar-25,04/06/2025,Naomi Muthoni,individual,46,Rift Valley,NAKURU,nakuru,nakuru yard,Dan1El Kimani,facebook,MITSUBISHI,OUTLANDER,SUV,2018,Petrol,AT,Gre,1,3326000,2562000,10%,51000,82000,Cash,PAID,Delayed,4.4 out of 5,36,yes,"KES 3,044,400"
LCL-1003,"Feb 15, 2026",25/02/2026,Carol Ochieng,Government,42,WESTERN,kakamega,Kakamega Town,Kakamega Yard,Samuel Mutua,Website,TOYOTA,Fielder,Wagon,2018,Petrol,automatic,RED,1,1840000,1661000,3%,"KES 88,000",118000,CHEQUE,Pending,IN TRANSIT,2.6,,No,1872800
ORD1004,17-Mar-26,03/20/2026,Samuel Mutua,Individual,64,Nairobii,Nairobi,Nairobi,nairobi hq,Grace Njer1,WHATS APP,Mitsubishi,Pajero,suv,2023,Hybrid/Petrol,auto,Blue,1,"KES 4,783,000","KES 4,203,000",2%,"KES 75,000",missing,Cash,Paid,Done,4.4 out of 5,42,No,"KSh 4,762,340"
LC1005,17-Jan-25,10-Feb-25,CAROL MWANGI,Company,27,WEST,Kakamega,Kakamega Town,Kakamega Yard,samuel mutua,Phone Call,isuzu,d max,Pickup,2023,PETROL,auto,Gre,3,4.2M,"KSh 3,456,000",5%,"KSh 112,000","KSh 148,000",Cash,Pending,Delivered,4.6,1,YES,"KSh 12,073,450"
LC1006,"Oct 20, 2025",27/10/2025,James Muthoni,GOVERNMENT,48,central,Kiambu,Thika,Thika branch,Faith Achieng,Instagram,Nissan,Juke,CROSSOVER,2026,PETROL,auto,Pearl,1,"KSh2,166,000",1847000,0%,0.08M,"KSh 100,000",ASSET FINANCE,pending,Delivered,2.5 out of 5,10,,2244000
LCL1007,45671,19/01/2025,Kevin Maina,Dealer,44,western,KAKAMEGA,kakamega,Kakamega,aisha mohamed,WhatsApp,Volkswagen,golf,Hatchback,2026,Gasoline,Manual,Pearl,2,"KSh 2,084,000","KSh 1,736,000",120%,0.02M,"KSh 42,000",RTGS,CANCELLED,Cancelled,,18,not returned,-1627199
ORD1008,02/21/2025,10/05/2025,Winnie Kiptoo,Non Profit,22,Central,Kiambu,Thika,Thika,Fa1th Achieng,FACEBOOK,mercedes benz,e250,saloon,Twenty Twenty,Diesel,Manual,gre,2,6770000,"5,980,000",7%,174000,207000,cash,Partially Paid,Delayed,3.8 out of 5,17,NO,"KSh12,766,200"
ORD1009,09/04/2025,45777,Mercy Wanjiku,Corporate,45,RIFT VALLEY,Uasin Gishu,Eldoret,Eldoret Yard,Kevin Mwangi,corporate tender,Honda,vezel,Crossover,null,Hybrid,AT,Black,1,2920000,2588000,0.07,"KSh 140,000",188000,M PESA,COMPLETE,cancelled,,1,not returned,#VALUE!
ORD1010,2026-13-04,01/05/2026,Daniel Wafula,Corporate,38,westen,kakamega,Kakamega,Kakamega Branch,samuel mutua,Corporate Tender,BMW,320i,Sedan,2026,Diesel,A/T,SILVER,1,3942000,"KES 3,297,000",7%,"KSh 29,000","KES 75,000",Asset Finance,paid,delivered,3.6 out of 5,,returned,"KES 3,695,059"
LCL1011,06/02/2025,45825,Grace Mutua,Government,thirty,Nairobi,Nairobi,Nairobi,Nairobi Hq,KEVIN MWANGI,Facebook,toyota,corola,Sedan,2026,Petrol,Manual,pearl,1,"KSh 1,932,000","1,648,000",ten percent,"KSh114,000",120000,Bankers Cheque,PAID,completed,3.6 out of 5,9,returned,"KSh1,814,160"
LC1012,"Oct 11, 2025",45948,Samuel Nyambura,retail,53,Eastern,machakos,AthiRiver,Athi River,BRIAN OTIENO,WALK-IN,Toyota,Harier,suv,null,petrol,A/T,Pearl,2,4721000,3990000,3%,103000,TBD,check,Pending,DELIVERED,3.9,19,N,"KSh9,261,740"
LCL1013,14-May-26,not sure,BRIAN MWANGI,dealer,47,Rift Valley,UASINGISHU,ELD,Eldoret Yard,Grace Njeri,walk in,bmw,x5,SUV,2021,Dsl,A/T,Whi,3 cars,10695000,"KSh9,240,000",5%,"KSh 43,000",42000,Bank Transfer,CANCELLED,Cancelled,4.2,9,YES,KSh 0
LCL1014,21-Apr-25,05/19/2025,Brian Kimani,government,60,WESTERN,KAKAMEGA,kakamega,Kakamega Yard,Grace Njer1,corp tender,subaru,subaru xv,crossover,2023,Petrol,Automatic,RED,4,2637000,#VALUE!,5%,KES 0,"KSh37,000",m-pesa,completed,At Yard,Excellent,22,NO,-10079600
ord1015,,29/11/2025,James Kariuki,NGO,68,Nyanza,Kisumu,Kisumu,Kisumu Yard,GRACE,Walkin,Honda,Vezel,CROSSOVER,2024,Petrol,Automatic,WHITE,1,2745000,"KES 2,428,000",,missing,142000,bank,Paid,Delivered,3.8 out of 5,6,TRUE,"KSh 1,231,625"
CAR1016,46051,23-Feb-26,Brian Ochieng,car dealer,61,Rift Valley,Nakuru,NAKURU,Nakuru yard,mercy atieno,CORPORATE TENDER,Subaru,FORESTER,SUV,2018,Petrol,A/T,Black,3,3220000,"KES 2,480,000",0.15,"KSh 17,000",0.03M,Cheque,paid,Done,4.0 out of 5,9,NO,8228000
LCL-1017,02/12/2025,15/02/2025,Kevin Mwangi,INDIVIDUAL,63,rift valley,NAKURU COUNTY,nakuru,Nakuru Yard,Kev1n Mwangi,Walk-in,Toyota,Lc200,suv,2023,petrol,AT,green,1,13.29M,"10,535,000",12%,KES 0,#VALUE!,m-pesa,Pending,IN-TRANSIT,3.5 out of 5,29,No,"KSh 11,794,600"
N/A,46178,46189,Daniel Mugambi,Government,53,Western,Kakamega,Kakamega,Kakamega Yard,grace  njeri,Walk-in,Toyota Kenya,Hilux,pickup,2019,Petrol,AUTO,Blue,N/A,5980000,"KES 4,660,000",3%,35000,34000,Asset Finance,Completed,Delivered,4.6,41,Yes,"KSh 5,835,600"
LCL1019,46192,46218,Brian Njeri,Government,58,NYANZA,KISUMU,Kisumu,Kisumu Yard,KEV1N MWANGI,referral,isuzu,N-Series,Truck,2015,Petrol,MANUAL,Blue,2,-5980000,4954000,NULL,17000,"KSh 31,000",ASSET FINANCE,Pending,Delivered,3.0 out of 5,0,FALSE,10183000
ord1020,45969,31/02/2026,Peter Mohamed,Government,46,Coast,MOMBASA,Mombasa,Mombasa Port Yard,PETER KIPTOO,FACEBOOK,TOYOTA,Prado tx,Suv,,petrol,Automatic,Pearl,1,"KSh 6,472,000",5411000,0.15,"KES 93,000",127000,Bank transfer,deposit paid,In Transit,2.2,11,not returned,11188400
ord1021,45667,23/01/2025,Carol Kariuki,Dealer,55,Central,KIAMBU COUNTY,thika,thika yard,MERCY ATIENO,Walk-in,mercedes,GLE,SUV,2020,petrol,Automatic,green,1,"KES 12,472,000","KES 10,456,000",5 percent,66000,86000,Cash,Partially Paid,Delivered,2.0 out of 5,37,not returned,11914400
LCL-1022,03/08/2025,"Aug 28, 2025",Joy Kariuki,N/A,24,western,Kakamega,KAKAMEGA,kakamega yard,faith achieng,WhatsApp,Honda,Fit,-,2026,Dsl,A/T,Bla,2,NULL,"KSh 978,000",3%,"KSh39,000","KSh 42,000",mpesa,PAID,,N/A,22,YES,"KSh 1,213,570"
LC1023,11/04/2026,46150,Hassan Maina,county govt,42,NAIROBI,Nrb,Westlands,Nairobi HQ,BRIAN OTIENO,Website,TOYTA,Corolla,Sedan,2021,Dsl,MANUAL,WHITE,1,"KES 1,946,000","KES 1,663,000",0,120000,"KSh 190,000",Asset Finance,Refunded,AT YARD,3.7,24,Yes,KES 0
LCL1024,23/02/2026,#DATE!,Hassan Kariuki,NGO,54,coast,Mombasa,Mombasa,Mombasa Port Yard,kevin  mwangi,Phone Call,Volkswagen,Tiguan,SUV,2025,Petrol,AUTO,pearl,1,"KSh 5,036,000","KSh 4,380,000",0.1,"KSh 25,000",55000,Bank Transfer,complete,on the way,3.2 out of 5,25,No,4557400
CAR1025,"Apr 16, 2025",05/04/2025,Mary Kimani,GOVERNMENT,55,Central,KIAMBU,Thika,Thika yard,Dan1el Kimani,REFERRAL,Toyta,Prado TX,SUV,2023,pms,Automatic,GREEN,1,8127000,6.6M,0.02,"KES 43,000",65000,M-Pesa,paid,In Transit,3.1 out of 5,34,yes,8007460
CAR1026,17/10/2025,45960,N/A,Corporate,,Central,Kiambu County,Thika,THIKA YARD,faith achieng,call,Toyota,LAND-CRUISER,SUV,2022,Petrol,automatic,Green,2,"KES 13,695,000","KES 12,337,000",15%,86000,"KSh 137,000",M-Pesa,paid,Delivered,3.5 out of 5,36,returned,23367500
ORD1027,45770,45785,Brian Kimani,GOVERNMENT,38,Central,Kiambu,Thika,Thika Yard,Aisha Mohamed,FB,TOYOTA,Prado TX,SUV,2020,hybrid,a/t,GREEN,1,"KES 7,937,000","KES 6,868,000",12 percent,"KSh 119,000",133000,BANK TRANSFER,PAID,Delivered,3.5 out of 5,39,TRUE,"KSh7,103,560"
CAR1028,"Jan 06, 2026",46055,Kevin Nyambura,corporate,121,nyanza,kisumu,Ksm,Kisumu branch,mercy atieno,WhatsApp,Subaru,Imprezza,Sedan,2020,gasoline,MANUAL,Bla,1,1871000,"1,538,000",50%,25000,52000,Asset Finance,Paid,completed,5.0 out of 5,3,TRUE,"KSh480,250"
ORD1029,27-May-26,06-Jun-26,NULL,county govt,50,Western,KAKAMEGA,Kakamega,KAKAMEGA YARD,Brian Otieno,Website,Honda,FIT,HATCHBACK,2020,petrol,Automatic,Blu,7,1242000,1010000,,155000,"KSh 210,000",Cash,Partially Paid,Delivered,3.7 out of 5,44,TRUE,8588180
ORD1030,12/01/2026,46064,Linda Wafula,GOVERNMENT,36,Coast,Mombasa,mombasa,Mombasa Yard,Brian Otieno,web,Subaru,Outback,Wagon,2020,PETROL,Automatic,SILVER,1,3931000,#VALUE!,12%,0.05M,error,mpesa,Completed,Cancelled,4.0 out of 5,ten,no,"KSh3,512,280"
LCL1031,26-Jan-26,01/28/2026,James Kiptoo,government,25,rift-valley,Uasin Gishu,eldoret,Eldoret Yard,Mercy,WhatsApp,Honda,fit,HATCHBACK,2026,Gasoline,Automatic,Gre,3,1441000,"KES 1,246,000",5,29000,36000,M-Pesa,PAID,DELIVERED,4.3 out of 5,8,no,4135850
N/A,10/07/2025,45852,Kevin Chebet,individual,43,Msa Region,MOMBASA,Mombasa,Mombasa Yard,SAMUEL MUTUA,WHATSAPP,Mazda,Axela,Sedan,2023,Diesel,Automatic,Silver,1,"KSh1,917,000",1735000,3%,35000,77000,loan,Cancelled,Cancelled,-,19,No,"1,894,490"
ORD1033,46104,46128,Mercy Chebet,Ngo,32,Eastern,Mchakos,Athi River,Athi River Yard,Samuel Mutua,corporate tender,Mitshubishi,CANTER,Truck,2024,Petrol,Automatic,black,1,"KES 3,649,000",3229000,10%,154000,"KES 142,000",M-Pesa,Completed,In Transit,6,2,No,"3,438,100"
ord1034,06/29/2025,07/25/2025,Daniel Kiptoo,NGO,46,Nyanza,KISUMU,Kisumu,KISUMU YARD,Mary Wanjiku,Website,toyta,Landcruiser Prado,SUV,2019,Diesel,M/T,Grey,3,7374000,5896000,ten percent,111000,"KSh 108,000",mpesa,Pending,Delivered,4.0 out of 5,22,not returned,"KSh 18,914,700"
CAR1035,45732,15/04/2025,Grace Kimani,NGO,56,East,Machakos,Athi River,Athi River Yard,mary wanjiku,WhatsApp,Toyota,Harrier,SUV,2020,Diesel,Automatic,Grey,3,"KSh 4,993,000",3872000,0.07,"KSh89,000",141000,M-Pesa,Partially Paid,Delivered,4.6,41,No,14.02M
LCL1036,45662,45681,Faith Otieno,Individual,53,Cental,KIAMBU,thika,Thika Yard,Aisha Mohamed,whatsapp,nissan,X-Trail,Suv,2026,PETROL,AUTO,red,1,3604000,,15 percent,"KSh 104,000",89000,cash,PENDING,Delivered,2.1 out of 5,1,FALSE,"KSh3,167,400"
ord1020,46030,15/01/2026,MERCY MUGAMBI,government,50,Nyanza,Ksm,Ksm,KISUMU YARD,Samuel  Mutua,Watsapp,SUBRU,Outback,WAGON,2020,HYBRID,automatic,Silver,1,4199000,"KSh -3,467,000",0%,"68,000",73000,M-Pesa,Partially Paid,DELIVERED,4.7 out of 5,24,Yes,"KSh 4,267,000"
ord1038,"Apr 11, 2025",45779,Kevin Kimani,Government,68,Western,Kakamega,Kakamega,kakamega,Mercy Atieno,Walkin,Subaru,XV,Crossover,2026,Petrol,Automatic,Pearl,-1,error,2388000,3%,"KSh 146,000","KSh 129,000",Bank Transfer,cancel,CANCELLED,2.3,40,No,0
CAR1039,05/04/2026,46147,JAMES WAFULA,ngo,28,Central,KIAMBU,Thika,Thika Yard,peter kiptoo,Insta,SUBARU,forester,SUV,Twenty Twenty,Hybrid,At,Pearl,1,3586000,"2,977,000",120%,"KSh106,000","KSh 84,000",Cash,paid,delivered,3.3 out of 5,33,,"KES -611,199"
ORD1040,45976,26/11/2025,Grace Kariuki,NGO,25,Coast,Mombasa,MOMBASA,MOMBASA YARD,Peter,Corporate Tender,Mazda,Demio,Hatchback,2015,petrol,Automatic,GREY,1,1210000,961000,10%,"KES 84,000",68000,Asset Finance,paid,transit,2.7,14,yes,1173000
ORD1041,"Jan 07, 2025",27-Jan-25,Victor Kiptoo,NGO,42,RIFT VALLEY,Uasingishu,ELDORET,Eldoret Yard,aisha mohamed,Call,Mazda,Demio,Hatchback,2025,Petrol,auto,Blue,3,1.05M,"917,000",0%,"KSh 157,000","KSh122,000",asset finance,DEPOSIT PAID,completed,4.9 out of 5,35,No,2965500
LC1042,11-Mar-25,,BRIAN OCHIENG,corporate,unknown,EASTERN,Machakos,Athi River,Athi River Yard,Daniel Kimani,WALKIN,totoya,Harrier,SUV,2026,diesel,Automatic,Silver,2,"4,225,000",error,7%,118000,0.13M,cash,Paid,In Transit,4.6 out of 5,5,TRUE,7976499
ORD1043,18/10/2025,45974,daniel otieno,NGO,27,Central,Kiambu,thika,Thika branch,Grace Njeri,Corporate Tender,mazda,CX-5,SUV,2016,DIESEL,MANUAL,Blue,1,"KSh 3,746,000",3299000,2%,"KSh31,000","KSh 59,000",Cash,PENDING,DONE,2.1 out of 5,24,No,3702080
CAR1044,15/08/2025,06/09/2025,Faith Achieng,Retail,36,Rift,NKR,nakuru,Nakuru Yard,FAITH  ACHIENG,Facebook,Mitsubishi,Pajero,SUV,2021,Diesel,Automatic,Grey,2,"4,529,000","3,848,000",2%,"KSh 50,000","KSh34,000",BANK TRANSFER,partial,Delivered,4.4,38,YES,8926840
LC1045,#DATE!,45895,hassan maina,INDIVIDUAL,48,NAIROBI,nairobi county,nairobi,NAIROBI HQ,peter  kiptoo,Referral,toyota,Prado TX,SUV,2020,petrol,Manual,Red,1,"KSh6,760,000",5654000,0%,"KSh 70,000",86000,cheque,Paid,DONE,2.5 out of 5,29,Y,"6,830,000"
N/A,"May 16, 2025",07/06/2025,Faith Mwangi,Non Profit,35,Coast,Mombasa,Mombasa,Mombasa Yard,Mary Wanjiku,Corporate Tender,mazda,DEMIO,Hatchback,2018,Diesel,Automatic,Silver,4,1252000,"KSh 1,112,000",7%,"141,000","KES 131,000",BANK TRANSFER,Paid,delivered,N/A,9,No,"KES 4,798,440"
ORD1047,46128,26-Apr-26,Mercy Mohamed,Individual,54,NYANZA,Kisumu,Kisumu,Kisumu Yard,Faith Achieng,Tender,Subaru,impreza,Sedan,2021,Petrol,AT,sil,1,"2,177,000","KSh 1,699,000",15%,"KSh 64,000","74,000",Asset Finance,Completed,in transit,2.2 out of 5,42,FALSE,1914450
LCL1048,26/11/2025,12/05/2025,Brian Ochieng,Corporate,59,nrb,Nairobi,Nairobi,NAIROBI HQ,Mercy Atieno,Site,mazda,Atenza,Sedan,2025,PETROL,MANUAL,White,2,2142000,"1,948,000",unknown,615000,"KSh 124,000",Cash,complete,At Yard,4.4,6,y,"KSh 3,550,200"
CAR1049,09-Sep-25,45914,Mercy Ochieng,Government,59,Western,kakamega,Kakamega,KAKAMEGA YARD,Grace Njeri,Site,Nissan,Navara,Pickup,2017,Gasoline,manual,Black,1,4654000,"KSh 4,089,000",5%,134000,"KSh184,000",check,Refunded,completed,4.6 out of 5,2,NO,0
LC1050,06/03/2025,NULL,Daniel Kimani,Individual,40,Cost,Msa,Mombasa,Mombasa Port Yard,Peter K1ptoo,Facebook,Toyta,HARRIER,SUV,2025,Gasoline,Manual,BLACK,1,"KSh 4,823,000","KSh 4,086,000",NULL,"KES 152,000",136000,Asset Finance,complete,Delivered,2.8,23,No,"4,733,850"
CAR1051,46158,20/05/2026,Hassan Kimani,Dealer,35,Central,KIAMBU,Thika,Thika,Brian Otieno,facebook,TOYOTA,HARRIER,SUV,2016,PETROL,A/T,Silver,1,4994000,4186000,5%,70000,89000,M-Pesa,Pending,IN TRANSIT,3.6 out of 5,12,YES,4814300
ORD1052,21/06/2025,45854,PETER KIPTOO,Government,23,Msa Region,Msa,Mombasa,MSA yard,Mary  Wanjiku,insta,HONDA,Vezel,CROSSOVER,2021,Hybrid,Automatic,green,1,missing,2.22M,0.1,0.04M,"KES 37,000",Cheque,paid,delivered,2.6,22,No,2559500
ORD1053,"Feb 06, 2026",not sure,James Muthoni,individual,64,Eastern,machakos,ATHI RIVER,Athi River Yard,Aisha Mohamed,WALK-IN,Mitsubishi,CANTER,Truck,2023,Petrol,Manual,white,,not available,3.06M,0.12,"KSh 71,000",-101000,bank transfer,PAID,Delivered,5 out of 5,34,YES,9.23M
LCL1054,11/12/2025,46014,Joseph Mugambi,Ngo,57,NYANZA,ksm,Kisumu,kisumu yard,Mercy Atieno,WALK-IN,V.W,Tiguan,SUV,2019,Petrol,auto,white,1,"KSh 4,093,000","3,477,000",12%,"138,000","KSh104,000",M-PESA,Cancelled,Cancelled,2.1,34,NO,0
CAR1055,15-Aug-25,"Aug 27, 2025",Winnie Wanjiku,Dealer,57,Coast,MOMBASA COUNTY,Mombasa,Mombasa Port Yard,Peter Kiptoo,Instagram,subaru,Forestar,SUV,2021,pms,Automatic,GREY,1,3889000,"KSh 3,176,000",15,143000,"KSh 139,000",Cheque,paid,Delivered,3.3,,,3448650
LCL1056,25/01/2025,06/02/2025,Daniel Achieng,Retail,63,western,Kakamega,Kakamega,Kakamega Yard,Faith Achieng,WhatsApp,honda,fit,Hatchback,2026,Petrol,MT,silver,1,1337000,"KSh 1,123,000",ten percent,"KSh 36,000",78000,CHEQUE,Pending,Delivered,2.5,23,yes,"KSh 1,332,890"
CAR1057,45699,"Feb 13, 2025",Daniel Achieng,Dealer,44,west,Kakamega,kakamega,KAKAMEGA YARD,Faith Achieng,IG,HONDA,FIT,HATCHBACK,2023,petrol,manual,RED,0,1424000,"KSh 1,219,000",0%,149000,171000,cash,PAID,Delivered,4.7 out of 5,18,no,"KSh5,845,000"
CAR1058,23/12/2025,14/01/2026,Joseph Wanjiku,Individual,55,NYANZA,Kisumu,Kisumu,Kisumu Yard,mercy  atieno,Corporate Tender,isuzu,D-Max,PICKUP,2026,HYBRID,Automatic,BLACK,1,"KSh4,220,000",3756000,2%,"KSh105,000","KSh124,000",cash,Paid,DELAYED,4.2,37,Not Returned,"KES 4,240,600"
LCL1059,45660,45681,Peter Kimani,NGO,53,WESTERN,kakamega,KAKAMEGA TOWN,KAKAMEGA BRANCH,daniel kimani,WhatsApp,Mazada,demio,Hatchback,2017,Diesel,Automatic,Whi,3,"KSh 1,200,000","KSh 921,000",3 percent,90000,"153,000",asset finance,partially paid,DELIVERED,5,32,NO,3582000
ORD1060,not sure,46198,Mary Mwangi,dealer,33,Eastern,machakos,Athi River,athiriver yard,Faith Achieng,Corporate Tender,nissan,X Trail,Suv,2022,petrol,Automatic,White,2,"KSh 3,524,000","KSh 3,117,000",Disc,32000,"KSh 62,000",Bank Transfer,Paid,DELAYED,3.5 out of 5,24,No,7080000
LCL-1061,03/15/2025,45750,James Kiptoo,govt,55,eastern,Machakos,AthiRiver,Athi River Yard,Peter  Kiptoo,instagram,Mercedes-Benz,gle,suv,null,PMS,Manual,Silver,1,"KSh 11,837,000",10733000,0%,"KES 41,000","60,000",M-PESA,Pending,at the yard,2.6 out of 5,6,NO,"KES 11,878,000"
ord1062,02/27/2025,25/03/2025,N/A,Dealer,32,Eastern,Machakos,AthiRiver,Athi River Yard,faith,phonecall,VOLKS WAGEN,Golf,Hatchback,2016,DIESEL,mt,Black,1,"KSh1,944,000",0.0M,15%,104000,143000,Cash,PAID,Delivered,4.1 out of 5,14,NO,"1,932,040"
ord1063,01/03/2025,45742,Naomi Ochieng,Individual,56,Eastern,Machakos,Athi River,Athi River Yard,Samuel Mutua,phone,mitsubishi,PAJERO,SUV,2025,Petrol,Automatic,Green,1,"KSh 5,509,000","KSh4,827,000",3 percent,"KSh 172,000",169000,mpesa,complete,delivered,4.3,21,TRUE,6.07M
LCL1064,17/08/2025,26/08/2025,Naomi Mwangi,government,40,Rift-Valley,Nakuru,nakuru,Nakuru Yard,Grace,Facebook,Toyota,harrier,SUV,2018,Diesel,automatic,Blue,1,4536000,"3,584,000",7%,23000,"50,000",M-Pesa,Completed,DELIVERED,4.7 out of 5,29,TRUE,4241480
LCL-1065,15-Feb-26,46079,Daniel Achieng,car dealer,56,nyanza,Kisumu,KISUMU,kisumu branch,DANIEL  KIMANI,corporate tender,Honda Motors,crv,suv,2023,petrol,auto,pearl,4,"4,227,000","KES 3,650,000",0.12,35000,"KSh23,000",M-Pesa,cancel,Canceled,4.8 out of 5,34,not returned,KSh 0
ord1066,04-Mar-26,46089,faith achieng,GOVERNMENT,23,Western,Kakamega,Kakamega Town,Kakamega Yard,Daniel Kimani,Phone Call,Toyota,FIELDER,Wagon,2026,Diesel,manual,White,1,"KSh 1,965,000",1712000,0%,"KES 121,000",0.12M,loan,Pending,Delivered,3.5 out of 5,42,No,"KSh2,086,000"
LC1067,45658,31/01/2025,Daniel Kimani,individual,29,Central,Kiambu,THIKA,Thika Yard,Mercy  Atieno,WALK-IN,Toyota,Corolla Altis,Sedan,2020,Gasoline,automatic,Silver,1,"KES 1,890,000",1523000,5%,error,0.14M,bank transfer,pending,Delayed,4.7,8,no,"1,916,500"
ord1068,07/11/2025,11/11/2025,Mary Maina,county govt,31,Rift Valley,Uasin Gishu,Eldoret,ELDORET,AISHA  MOHAMED,FACEBOOK,Nissan,Juke,crossover,2018,Diesel,Automatic,Pearl,1,"1,837,000",1619000,7%,"KSh 40,000",0,CASH,Paid,DELIVERED,2.4 out of 5,39,No,"KSh 1,748,410"
ORD1069,21-Feb-26,46087,Winnie Mohamed,car dealer,28,Western,Kakamega,kakamega,KAKAMEGA YARD,KEVIN MWANGI,Facebook,SUBARU,Outback,wagon,2019,diesel,AUTOMATIC,Red,2,"KSh 4,059,000","KSh 3,300,000",12%,33000,"83,000",asset financing,complete,delayed,4.8 out of 5,23,Y,"KSh 7,176,840"
CAR1070,45849,"Jul 23, 2025",Aisha Mugambi,GOVERNMENT,23,Rift Valley,Uasin Gishu,eldoret,Eldoret Yard,Daniel Kimani,IG,Volkswagen,golf,Hatchback,2021,Petrol,AUTOMATIC,Blue,4,1970000,missing,0.12,"KES 80,000","KSh 111,000",Cheque,Paid,Delivered,4.7,9,FALSE,"KES 7,014,400"
LCL1071,45842,2026-13-04,MERCY ACHIENG,Individual,22,Nyanza,Kisumu,KISUMU,Kisumu yard,Daniel,website,toyota,harrier,SUV,2018,Petrol,AUTOMATIC,GREY,two,"KSh 4,665,000",3928000,-10,"KSh74,000","102,000",Asset Finance,Cancelled,cancel,-1,29,FALSE,"KES -5,205,500"
ORD1072,08/07/2025,11-Jul-25,Hassan Omondi,Corporate,35,Rift Valley,Nakuru,NKR,Nakuru Yard,grace njeri,Facebook,SUBARU,Forester,SUV,2018,Hybrid,Automatic,WHITE,1,"KSh 3,760,000",3012000,2%,"KSh 132,000",-,BANK,PENDING,IN TRANSIT,4.7/5,,returned,"KSh 3,816,800"
LC1073,45949,08/11/2025,Joy Kariuki,GOVERNMENT,47,Central,KIAMBU,thikka,Thika yard,Brian Otieno,IG,Mazda,CX-5,suv,2025,Petrol,at,White,2,"KSh 3,667,000",#VALUE!,0.12,109000,155000,ASSET FINANCE,partial,completed,2.6,4,returned,"KSh 6,562,920"
LCL1074,"Aug 10, 2025",45883,AISHA CHEBET,DEALER,63,Western,kakamega,Kakamega,Kakamega Yard,mary wanj1ku,FACEBOOK,Mitsubishi,Pajero,SUV,2018,HYBRID,Automatic,Blue,2,"KSh 4,801,000",3814000,5%,16000,"KSh42,000",cheque,paid,DELIVERED,3.9 out of 5,35,no,"KES 9,137,900"
LCL1075,46014,46035,SAMUEL NJERI,Dealer,49,Western,Kakamega,KAKAMEGA,kakamega,Mercy Atieno,INSTAGRAM,B.M.W,x5,SUV,2023,dsl,manual,Pearl,1,"KES 9,573,000","KSh 7,362,000",2 percent,155000,230000,Cheque,PAID,At the yard,3.3,26,NO,19073080
CAR1076,11/30/2025,46016,Samuel Kimani,Dealer,25,nyanza,kisumu,Kisumu,Kisumu yard,daniel kimani,Facebook,subaru,XV,CROSSOVER,2019,Petrol,Automatic,red,1,"KSh 2,283,000",1841000,Disc,136000,204000,bank,PAID,AT YARD,4.4 out of 5,26,FALSE,4381400
LCL-1077,11/25/2025,46006,James Otieno,Dealer,38,Central,Kiambu,Thika,Thika,aisha mohamed,REFERRAL,TOYOTA,Corolla,,N/A,Gasoline,Automatic,-,NULL,"KSh 1,778,000","KES 1,447,000",0%,"22,000",,asset financing,Paid,Canceled,4.8 out of 5,10,NOT RETURNED,5.36M
ORD1078,11/03/2026,April 31 2026,Naomi Chebet,GOVERNMENT,58,Western,Kakamega,kakamega,Kakamega Yard,Mercy Atieno,Referral,MERCEDES-BENZ,C200,sedan,2021,PETROL,auto,Blue,1,4549000,"KES 4,065,000",10%,"KSh 121,000",,mpesa,PARTIALLY PAID,DELAYED,4.6,10,N,"KSh 4,215,100"
ORD1079,23/07/2025,45862,John Muthoni,Government,46,Rift Valley,Nkr,nakuru,Nakuru Yard,Kevin  Mwangi,Tender,BMW,320i,saloon,2019,hybrid,AUTOMATIC,Green,1,4301000,"KSh 3,311,000",7,"KES 86,000",0.12M,ASSET FINANCE,PAID,COMPLETED,4.0 out of 5,29,TRUE,4085929
LCL-1080,28/03/2025,14/03/2025,Linda Mugambi,Corporate,37,Coast,mombasa,Mombasa,Mombasa Port Yard,Peter Kiptoo,Website,Honda motors,VEZEL,Crossover,2021,Petrol,automatic,Blu,1,2489000,"1,910,000",10,0.12M,0.11M,cash,Paid,At Yard,2.8 out of 5,38,No,2355100
LC1081,2026-13-04,45837,Linda Mutua,Dealer,unknown,Coast,MOMBASA,mombasa,MSA yard,BRIAN OTIENO,FACEBOOK,Subaru,out back,Wagon,2021,Diesel,automatic,BLACK,1,3505000,2967000,7%,78000,129000,cheque,Complete,Delivered,4.4,31,Y,"3,337,650"
LCL1082,02/04/2026,46085,Mary Otieno,NGO,52,Mt Kenya,Kiambu,Thika,Thika branch,BRIAN OTIENO,phone call,Mitshubishi,outlander,SUV,2021,diesel,Automatic,White,5,3336000,"KSh 3,031,000",15 percent,156000,209000,bank transfer,Pending,Delivered,3.4 out of 5,11,NO,"KSh14,334,000"
N/A,45774,45780,Faith Mohamed,Government,47,rift valley,Uasingishu,Eldoret,ELDORET YARD,Mercy Atieno,Facebook,Mercedes Benz,C200,Sedan,2018,Petrol,Automatic,Pearl,1,4798000,"4,154,000",0%,"KES 167,000","KSh 244,000",Cash,Paid,completed,4.0 out of 5,26,N,"KSh 4,965,000"
CAR1084,13/03/2025,01-Apr-25,Aisha Achieng,Government,29,CENTRAL,KIAMBU,Thika,Thika yard,Samuel Mutua,Phone Call,Toyota Kenya,Hiece,van,2019,Petrol,Automatic,Blue,NULL,4332000,3484000,50%,"KSh 62,000","KES 71,000",Cheque,Paid,DELIVERED,3.6 out of 5,23,not returned,2.23M
N/A,46104,04/09/2026,WINNIE WAFULA,NGO,24,Westen,Kakamega,KAKAMEGA,kakamega yard,Faith Achieng,site,toyota,PRADO TX,Suv,2015,Petrol,Automatic,Pearl,2,"KSh6,959,000","KSh5,484,000",0.12,72000,91000,Asset Finance,Partially Paid,Delivered,N/A,,not returned,12319840
CAR1086,01/31/2026,11/02/2026,mary achieng,corp,27,RIFT VALLEY,NAKURU,Nakuru,Nakuru Yard,GRACE NJER1,Call,nissan,NOTE,Hatchback,2016,petrol,Automatic,Blu,5,"KSh 1,375,000","KES 1,203,000",5 percent,#VALUE!,"89,000",Bank Transfer,Paid,In Transit,2.5 out of 5,41,TRUE,6595250
CAR1087,45812,45814,Faith Otieno,PERSON,58,Riftvalley,Uasin Gishu,Eldoret,Eldoret yard,Mercy,phonecall,Mitsubishi,Outlander,SUV,2019,Petrol,manual,Black,1,"KSh 3,433,000","KES 3,046,000",Disc,"KSh 70,000","96,000",Bank Transfer,Paid,done,2.5,24,,3434340
LC1088,"Jan 31, 2026",46069,Joy Wafula,car dealer,38,Coast,Mombasa county,Mombasa,Mombasa Port Yard,Mary Wanj1ku,Instagram,Isuzu,Dmax Pickup,pickup,2018,DIESEL,Automatic,White,1,4.46M,3415000,None,"KES 39,000",70000,M-PESA,Paid,At Yard,3.9 out of 5,6,returned,4362290
ord1089,10-Jan-26,46057,Kevin Ochieng,Dealer,45,Western,Kakamega,Kakamega,Kakamega Yard,Grace Njeri,Corporate Tender,Isuzu,N-Series,TRUCK,2020,diesel,A/T,pearl,3,5144000,4188000,7%,"KSh 97,000",113000,Bankers Cheque,Cancelled,cancelled,3.2 out of 5,12,No,0
ord1090,06/05/2026,46164,Samuel Kiptoo,Dealer,25,Coast,Mombasa,Nyali,Mombasa Port Yard,Peter Kiptoo,Referral,mercedes benz,C200,saloon,2032,Petrol,auto,Green,1,"KSh5,159,000",4663000,15,"KSh 73,000","KSh 78,000",Cash,Completed,delivered,2.3,43,No,"KSh4,458,150"
LC1091,29/11/2025,12-Dec-25,Winnie Achieng,dealer,38,West,Kakamega,kakamega,Kakamega yard,A1Sha Mohamed,SITE,Subaru,Forester,SUV,2020,PETROL,m/t,Gre,1,"KSh 3,535,000",2774000,2,"KSh 142,000",159000,wire,PAID,delivered,3.5,24,NO,3966930
ord1092,45966,30/11/2025,Grace Wanjiku,GOVERNMENT,60,rift,Uasin Gishu,Eldoret,eldoret yard,faith achieng,Referral,HONDA MOTORS,Vezel,Crossover,2026,Petrol,MT,Red,2,2372000,"KSh 1,998,000",0.02,"153,000",0.1M,Bank Transfer,Paid,held,3.5 out of 5,20,returned,4802120
LC1093,21-Jun-25,21/07/2025,Joy Wanjiku,Individual,51,Msa Region,mombasa,Mombasa,Mombasa Port,aisha mohamed,WHATS APP,Toyota,Prado TX,SUV,2021,petrol,auto,blue,1,"KSh7,151,000",5443000,twenty %,"KSh 131,000",164000,Cash,pending,Delivered,4.5 out of 5,19,YES,error
LCL-1094,45768,05/13/2025,Kevin Ochieng,Government,40,Nairobi,nairobi county,Nairobi,Nairobi HQ,faith achieng,WALK-IN,Volkswagen,TIGUAN,SUV,2025,PMS,MANUAL,Grey,3,47050000,3707000,10%,38000,62000,Bank Transfer,Paid,DELIVERED,2.7,44,No,"-12,741,500"
ord1095,13/05/2025,19/05/2025,Linda Wanjiku,NGO,44,Nairobi,Nairobi,Nairobi,Nairobi Hq,brian otieno,Tender,Subaru,Impreza,saloon,2024,hybrid/petrol,a/t,Pearl,1,1728000,"1,452,000",15%,153000,"KES 175,000",cheque,DEPOSIT PAID,cancelled,3.9 out of 5,6,returned,"KSh810,900"
ORD1096,45921,06/10/2025,Aisha Mutua,Ngo,31,WESTERN,Kakamega county,Kakamega,kakamega yard,MARY,WEBSITE,Toyota,prado-tx,suv,,Petrol,Automatic,black,1,"KSh 7,231,000","KES 6,304,000",3%,"KES 115,000","KSh 122,000",mpesa,Paid,delivered,3,41,No,7129070
ord1097,46033,03/16/2026,Carol Wanjiku,CAR DEALER,28,RIFT VALLEY,NAKURU,NAKURU,NKR Yard,Brian Otieno,Phone Call,Subaru,Outback,WAGON,2017,Diesel,AUTOMATIC,grey,1,"KES 3,369,000",KES 0,15%,"KSh 141,000",204000,CHEQUE,paid,DELIVERED,2.5 out of 5,20,No,3004650
LC1098,,46194,linda achieng,Non Profit,56,Msa Region,mombasa,MOMBASA,Mombasa Port,Mary Wanj1ku,Phone Call,Mazda,Axela,Sedan,202A,PETROL,Automatic,Silver,1,1819000,1532000,15%,"KSh 150,000",203000,Bankers Cheque,PAID,completed,4.2,20,FALSE,missing
ord1099,45915,45940,N/A,Retail,65,eastern,Machakos,athi river,ATHI RIVER YARD,Faith Achieng,WALK IN,Subaru,outback,Wagon,2016,Diesel,AUTOMATIC,BLACK,1,"KES 3,715,000",2969000,5%,845000,"KSh 174,000",Cash,Paid,DELIVERED,2.5,N/A,FALSE,3698250
CAR1100,N/A,05/20/2026,Mercy Nyambura,NGO,56,Central,Kiambu,Thikka,Thika Yard,Samuel Mutua,Phone Call,MAZDA,Demio,Hatchback,2016,Diesel,at,Silver,2,"KES 1,346,000",1090000,10%,"KES 37,000",48000,Asset Finance,AWAITING PAYMENT,ON THE WAY,4.0 out of 5,18,y,2459800
CAR1101,46133,14/05/2026,carol njeri,govt,50,coast,Mombasa,mombasa,Mombasa Port Yard,Brian Otieno,website,toyota,LAND CRUISER,SUV,2015,Gasoline,Automatic,whi,2,12378000,"KSh 9,527,000",0.03,"KSh113,000",146000,M-Pesa,Partially Paid,In Transit,3.4 out of 5,21,no,"KSh24,126,320"
LCL1102,46145,29/05/2026,Victor Ochieng,Individual,68,Coast,MOMBASA,MOMBASA,Mombasa Port Yard,GRACE NJERI,Instagram,Honda,Vezel,CROSSOVER,2018,PETROL,Automatic,Silver,1,2789000,NULL,20%,0.04M,0.04M,CASH,Paid,DELAYED,3.2 out of 5,4,y,"KSh 2,270,200"
ord1103,10/04/2026,30/04/2026,AISHA MUTUA,Corporate,64,Nyanza,Kisumu,kisumu,kisumu yard,Brian Otieno,website,TOYOTA,Harrier,suv,2021,Petrol,AT,Grey,1,4904000,4288000,0.12,"59,000",74000,check,COMPLETED,Delivered,-1,6,,4374520
LC1104,45756,21/04/2025,Daniel Maina,Corporate,55,rift valley,nakuru,NAKURU,nakuru yard,Mary Wanjiku,Walk-in,Isuzu,d-max,Pickup,2023,Hybrid,auto,Red,1,4302000,"KSh3,753,000",3%,"KES 42,000",38000,BANK TRANSFER,Paid,In Transit,3.0 out of 5,ten,,"KSh 4,214,940"
-,"Mar 11, 2026",28-Mar-26,Peter Nyambura,Company,27,rift valley,Uasingishu,Eldoret,Eldoret Yard,BRIAN OTIENO,IG,Toyota,HARRIER,SUV,Twenty Twenty,PETROL,Automatic,silver,1,"KES 4,049,000","KES 3,282,000",0.05,"KSh 60,000",105000,bank,PENDING,AT YARD,4,21,Y,"KSh3,906,550"
CAR1106,03/25/2026,NULL,Hassan Ochieng,individual,46,Coast,Mombasa,Mombasa,Mombasa port,mary wanjiku,Face book,BENZ,E250,sedan,2017,Diesel,Automatic,silver,3,"KSh 5,985,000","KSh5,233,000",7,51000,0.09M,Cheque,Paid,Delivered,2.5 out of 5,15,No,16749149
N/A,"Jan 10, 2025",N/A,WINNIE ACHIENG,Government,60,Coast,Mombasa county,MOMBASA,Mombasa Port Yard,samuel mutua,INSTAGRAM,toyota,Fieldar,Wagon,2025,petrol,A/T,white,3,1636000,1295000,15%,"KES 90,000",138000,M-Pesa,complete,Cancelled,2.4 out of 5,16,TRUE,"KSh 4,261,800"
CAR1108,05/03/2025,30/03/2025,Kevin Mohamed,DEALER,51,Nairobi,Nairobi,Nairobi,Main Yard,GRACE NJERI,walk-in,TOYTA,hilux,Pickup,2018,petrol,AUTOMATIC,white,1,"4,894,000","KSh 4,313,000",unknown,"KES 160,000","KSh114,000",loan,Partially Paid,Delivered,3.0 out of 5,34,No,"KSh 4,319,900"
ORD1109,,45968,Brian Wafula,Dealer,37,coast,Mombasa,mombasa,Mombasa Port Yard,Mary,walk-in,MERCEDES BENZ,E-250,sedan,2019,gasoline,Automatic,Pearl,1,"KSh7,033,000",5892000,Disc,42000,"KES 55,000",CHEQUE,Paid,IN TRANSIT,3.8 out of 5,11,no,6367500
ORD1110,10-Jun-25,07/04/2025,Brian Mohamed,Individual,35,central,kiambu,Thika,thika yard,FAITH ACHIENG,Corporate Tender,Nissan,Navara,Pickup,2017,Petrol,MT,WHITE,2,"KES 4,388,000",3778000,ten percent,162000,"KSh 159,000",CASH,pending,IN-TRANSIT,4.6 out of 5,8,returned,"KSh 8,499,200"
ORD1111,"Nov 02, 2025",11/29/2025,Hassan Mutua,Dealer,49,Central,Kiambu,Thika,Thika Yard,Kevin Mwangi,Facebook,volkswagen,Tiguan,SUV,2018,PMS,AT,grey,1,"KSh4,943,000",4111000,#ERROR,"KSh 111,000",128000,Loan,paid,DELIVERED,4.7/5,7,TRUE,4955140
LCL1112,,03/06/2026,James Chebet,car dealer,33,NYANZA,kisumu,KISUMU,kisumu yard,Mercy  Atieno,FACEBOOK,Mitsubish,Pajero,suv,2019,Petrol,AT,White,1,"KES 5,268,000","4,117,000",10%,52000,"KES 73,000",Cash,Paid,delivered,3.9 out of 5,8,yes,"KSh 4,793,200"
ORD1113,45667,01/04/2025,Kevin Kariuki,NGO,44,coast,Mombasa,mombasa,Mombasa Port,Faith Achieng,Facebook,Toyota,COROLLA,saloon,2015,PMS,AUTOMATIC,White,one,"KSh1,691,000",1452000,Disc,"169,000",error,loan,Completed,Delivered,2.1 out of 5,33,No,1.78M
ord1114,19-Oct-25,15/11/2025,Hassan Mwangi,Government,23,Rift-Valley,eldoret,ELDORET,Eldoret,Kevin,Website,Mazda,Atenza,SEDAN,2023,Petrol,auto,Blue,5,2565000,2330000,,0.17M,"KSh191,000",BANK TRANSFER,Awaiting payment,Transit,4.3 out of 5,2,YES,"KES 14,282,500"
ord1115,03/13/2026,09/04/2026,joy chebet,DEALER,121,NAIROBI,Nairobi,nairobi,Nairobi HQ,Brian Otieno,web,Toyota,HIACE,Van,2025,PMS,AUTOMATIC,blue,1,"KES 5,377,000","KSh4,429,000",0%,"73,000","KSh 116,000",check,PAID,At the yard,4.0 out of 5,4,No,"KES 5,450,000"
LCL-1116,16/03/2026,09/04/2026,AISHA WAFULA,GOVERNMENT,45,Rift-Valley,Nakuru,Nakuru,nakuru branch,aisha mohamed,Phone Call,toyota,Fielder,wagon,2025,Petrol,auto,GREY,1,"KSh1,876,000",1669000,0,"KES 86,000",119000,cash,Awaiting payment,delivered,4.7/5,ten,no,"KSh 1,962,000"
LC1117,08/24/2025,45894,Mary Nyambura,Corporate,30,Rift Valley,Uasin-Gishu,Eldoret,Eldoret Yard,Daniel Kimani,PHONE,Toyota,Harrier,SUV,2024,HYBRID,Automatic,White,1,"KSh 4,205,000","KES 3,246,000",0%,0.1M,"140,000",loan,Paid,in transit,4.1 out of 5,19,not returned,"KSh 4,307,000"
LCL-1118,"Dec 01, 2025",13/12/2025,Grace Otieno,govt,45,Central,Kambu,Thika,THIKA YARD,Kevin Mwangi,REFERRAL,SUBARU,outback,WAGON,2015,GASOLINE,AT,Grey,1,"KES 4,018,000",3654000,12%,67000,"KES 99,000",Cash,Paid,At Yard,2.9 out of 5,32,NO,3602840
ord1119,06/13/2026,46196,LINDA OMONDI,NGO,37,Central,KIAMBU,Thika,Thika Yard,daniel kimani,Face book,TOYOTA,Lc200,SUV,2022,Diesel,Automatic,green,1,12281000,10.91M,15%,"KSh 120,000",128000,Asset Finance,Paid,in transit,2.3,1,returned,10558850
ORD1120,"Jun 03, 2026",46197,Victor Mwangi,Non Profit,50,central,Kambu,Thika,THIKA YARD,GRACE NJERI,REFERRAL,Mazda,Demio,Hatchback,2016,dsl,Automatic,green,1,1320000,1159000,No Discount,0.09M,108000,mpesa,PAID,Cancelled,3.6 out of 5,37,No,1252600
LCL-1121,15-Oct-25,45975,James Mohamed,GOVERNMENT,0,coast,Mombasa,MOMBASA,Mombasa Port Yard,Aisha Mohamed,INSTAGRAM,Nissan,x-trail,suv,2016,Gasoline,AT,Grey,2,"KES 3,019,000",2414000,No Discount,40000,63000,M Pesa,Partially Paid,Delayed,3.5 out of 5,14,No,"KSh 4,655,070"
ORD1122,31-Jul-25,04-Aug-25,FAITH MUTHONI,corporate,42,Central,KIAMBU,THIKA,Thika Yard,BRIAN,Walkin,Isuzu,N-Series,truck,2016,Petrol,manual,Green,1,"KSh 4,916,000","KSh 4,095,000",3,132000,"KSh141,000",M pesa,Completed,DELIVERED,3.7,28,,4900520
ord1123,08-Mar-26,04/04/2026,Kevin Mutua,corporate,50,Ksm region,Kisumu county,kisumu,Kisumu Yard,Aisha  Mohamed,Walk-in,Toyota,hiace,VAN,2026,Hybrid,MT,White,1,"KSh5,054,000",4030000,5%,177000,"KSh 133,000",Cheque,Partially Paid,in transit,2.1 out of 5,3,not returned,4978300
ORD1124,46089,46098,James Kariuki,NGO,67,Central,Kiambu,Thika,Thika yard,Samuel Mutua,REFERRAL,Mitsubishi,CANTER TRUCK,Truck,2020,Hybrid,Automatic,White,1,"3,544,000","KSh 3,151,000",3%,0.13M,#VALUE!,bank transfer,Pending,DELIVERED,2.5 out of 5,5,not returned,3565680
CAR1125,45913,45929,,DEALER,49,ksm region,KISUMU,Kisumu,KISUMU BRANCH,Daniel Kimani,Face book,Toyota,HARRIER,SUV,2023,Petrol,Automatic,Pearl,1,"KSh4,807,000","KSh 4,189,000",12,"KSh 105,000",121000,Asset financing,pending,Done,4.4 out of 5,-1,FALSE,4335160
CAR1086,04/08/2026,,Mercy Mugambi,NGO,53,Rift Valley,Uasin Gishu,ELDORET,Eldoret Yard,Mary Wanjiku,Instagram,Mazda,CX-5,SUV,2024,Petrol,AT,Blue,1,3422000,"KSh 2,880,000",0%,"99,000",missing,Cash,PAID,At the yard,3.1 out of 5,28,not returned,3521000
-,23-Feb-25,02-May-25,NULL,Government,33,Mt Kenya,Kiambu,Thika,Thika Yard,FAITH ACHIENG,Website,TOYOTA,HARRIER,SUV,2016,Hybrid,auto,Pearl,3,4183000,"KSh3,678,000",15,"50,000",86000,Cash,partial,Cancelled,5,-,YES,"10,716,650"
LCL-1128,03-Apr-25,12/04/2025,Joseph Achieng,Dealer,47,Rift Valley,uasin gishu,Eldoret,Eldoret yard,Mary  Wanjiku,Phone,Toyota,hiace van,Van,2019,HYBRID,AT,BLACK,2,5366000,4418000,12 percent,"KSh 123,000",168000,ASSET FINANCE,CANCELLED,CANCELLED,4.7,16,n,"9,567,160"
LCL-1129,28-Feb-26,46091,Victor Mwangi,GOVERNMENT,25,Coast,MOMBASA,Mombasa,Mombasa Port Yard,kevin mwangi,Instagram,HONDAA,CR-V,SUV,2025,Petrol,Automatic,red,2,3.85M,3034000,2%,"KSh 125,000",142000,Cash,Paid,DELAYED,4.5 out of 5,13,FALSE,3832560
ord1130,46049,30/01/2026,Faith Kiptoo,ngo,unknown,RIFTVALLEY,Uasin Gishu,Eldoret,Eldoret,mercy  atieno,website,Mitsubishi,outlander,SUV,2018,Hyb,Automatic,SILVER,1,3103000,2500000,0 percent,"KES 85,000","KSh 133,000",M-PESA,Paid,In Transit,4.3 out of 5,8,NO,"KSh 2,869,200"
CAR1131,N/A,45847,Victor Kiptoo,Non Profit,58,Rift Valley,uasin gishu,eldoret,Eldoret Yard,mercy atieno,corporate tender,Mitshubishi,Out lander,SUV,2016,DIESEL,A/T,Red,1,2971000,2589000,12%,"KSh 146,000",not available,RTGS,Paid,delivered,3.1,0,Yes,"KSh2,760,480"
ord1132,29/07/2025,31/02/2026,MARY MUGAMBI,Corporate,27,WESTERN,Kakamega,KAKAMEGA,KAKAMEGA YARD,FAITH ACHIENG,fb,Nisan,Juke,Crossover,2023,diesel,Automatic,White,1,"1,861,000",1483000,3%,140000,166000,M-Pesa,paid,IN TRANSIT,4.9 out of 5,11,NOT RETURNED,1945170
ORD1133,24/04/2026,05/11/2026,JOHN KARIUKI,NGO,66,Rift,NKR,Nakuru,NAKURU YARD,AISHA  MOHAMED,Whatsapp,toyta,Landcruiser Prado,SUV,2026,hybrid/petrol,Automatic,Pearl,4,6468000,"KES 5,806,000",5%,0.02M,"KSh47,000",Asset Finance,paid,Delivered,4.2,35,no,49194800
CAR1134,17/05/2025,N/A,Grace Nyambura,Government,44,Central,Kiambu County,Thika,Thika Yard,Mary Wanjiku,Phone Call,MAZDA,AXELA,sedan,2021,diesel,Automatic,Black,3,"1,621,000","KSh 1,329,000",0.12,138000,"KES 122,000",Asset Finance,PAID,Delivered,2.7 out of 5,36,No,"KES 4,417,440"
LCL1135,23/02/2025,45722,Brian Achieng,NGO,29,Rift Valley,Nakuru county,nakuru,Nakuru Yard,Peter  Kiptoo,Referral,Toyota,corolla,SEDAN,2026,Petrol,automatic,Green,1,"KSh 2,059,000","KSh 1,595,000",15%,68000,54000,bank,paid,ON THE WAY,3.9,41,NO,#VALUE!
LCL-1136,19/06/2026,"Jul 11, 2026",Samuel Ochieng,Government,62,RIFTVALLEY,Nakuru,Nakuru,NAKURU YARD,samuel mutua,Walkin,toyota,harrier,SUV,2022,Diesel,Automatic,silver,1,4862000,error,12 percent,125000,0.16M,cash,Partially Paid,in transit,3.6 out of 5,1,N,"KES 4,403,560"
LC1137,14/05/2025,03/06/2025,VICTOR MAINA,PERSON,35,RIFT VALLEY,nakuru,Nakuru,Nakuru Yard,mercy atieno,WhatsApp,TOYOTA,hillux,Pickup,2018,Petrol,AT,blue,1,5032000,"4,477,000",50%,KSh0,222000,Cheque,Paid,Delivered,3.4,25,Y,2684000
ord1138,45806,23/06/2025,John Mwangi,CORPORATE,31,COAST,Mombasa,MOMBASA,MOMBASA PORT YARD,faith achieng,Website,Mazda,CX 5,SUV,2016,diesel,AT,BLUE,1,3656000,"3,320,000",0.15,"91,000","KSh 122,000",Cheque,Paid,In Transit,4.7,9,No,3.2M
LCL1139,26-Oct-25,,Mary Omondi,Dealer,32,NYANZA,Kisumu,Kisumu,Kisumu Yard,Kevin Mwangi,CORPORATE TENDER,Isuzu,N-Series,Truck,2021,Diesel,Automatic,GREY,1,"5,385,000","KSh 4,889,000",5,84000,100000,Cash,paid,At Yard,4.1,37,NO,5199750
LCL-1140,09/08/2025,45905,Grace Maina,government,24,western,Kakamega,Kakamega,Kakamega yard,Kev1n Mwangi,INSTAGRAM,Honda,FIT,Hatchback,2020,Gasoline,AUTOMATIC,gre,2,-,"KSh 1,126,000",10 percent,"KSh 116,000",0.18M,bank transfer,paid,Delivered,2.2 out of 5,,No,"KSh 2,411,000"
ORD1141,27/02/2025,18/03/2025,John Nyambura,corporate,29,central,Kiambu,Thika,Thika Yard,BRIAN OTIENO,instagram,bmw,BMW X5,SUV,1899,Diesel,Automatic,Blue,1,"KSh 10,434,000","KSh 8,082,000",7%,150000,178000,cash,Pending,done,4.8,26,FALSE,"9,853,620"
ord1142,06/06/2026,10/06/2026,Grace Achieng,NGO,37,Rift Valley,Uasin Gishu,Eldoret,Eldoret,faith achieng,Facebook,Toyota Kenya,Landcruiser Prado,SUV,2021,petrol,Automatic,BLUE,2,"KSh 7,763,000","KSh 6,904,000",5%,121000,176000,CHEQUE,Paid,delivered,2.1,41,N,"KSh14,870,700"
LCL1143,45758,06/05/2025,Joseph Mwangi,NGO,50,Central,KIAMBU,THIKA,Thika Yard,Mercy Atieno,walk-in,Toyota Kenya,AXIO,Sedan,2017,HYBRID,auto,blue,1,1651000,"KSh 1,489,000",12%,90000,114000,M-Pesa,Partially Paid,completed,3.8 out of 5,32,TRUE,"KSh 1,542,880"
ord1144,08/23/2025,,Linda Achieng,GOVT,22,,kambu,Thika,Thika Yard,Kevin Mwangi,Facebook,Subaru,forester,SUV,,PMS,N/A,NULL,1,"KSh 3,507,000",2876000,12%,"KSh 120,000",98000,CASH,completed,Delivered,2.6 out of 5,26,No,"KSh 3,206,160"
ord1145,#DATE!,01-Dec-25,Mercy Mutua,NGO,59,Cental,Kambu,thika,Thika Yard,Aisha,PHONE CALL,Mercedes-Benz,c200,Sedan,2019,Hybrid,Automatic,Green,1,"4,952,000",error,0,"KES 167,000",157000,Cash,Paid,DELIVERED,4,13,No,not available
LCL-1146,25-Jul-25,04/08/2025,James Omondi,CORPORATE,64,Western,KAKAMEGA,Kakamega,Kakamega Yard,Samuel Mutua,referral,Toyota,Corrola,Sedan,2017,petrol,Manual,Black,8,not available,"KES 1,533,000",15%,47000,35000,BANKERS CHEQUE,Pending,yard,2.9,27,N,"KSh 13,035,000"
LCL-1147,46073,46080,John Njeri,Individual,50,Nyanza,KSM,kisumu,Kisumu branch,MERCY ATIENO,walk in,MITSUBISH,Pajero,SUV,2018,petrol,Manual,Black,1,"KSh 5,101,000",4424000,20,80000,"KES 124,000",Cash,Pending,Cancelled,3.5,34,No,4160800
LC1148,07/08/2025,11/08/2025,Victor Mwangi,INDIVIDUAL,50,Eastern,Machakos,Mlolongo,Athi River Yard,Brian Otieno,phonecall,Toyota,Corrola,SEDAN,,Hybrid,Automatic,WHITE,1,"1,848,000",1479000,7,"KES 98,000","KSh 127,000",asset finance,PAID,At Yard,-,25,YES,1998304
LC1149,03/10/2026,46089,Faith Mwangi,Government,26,RIFTVALLEY,uasin gishu,ELD,Eldoret Yard,Faith  Achieng,Call,MAZDA,Axela,SEDAN,2026,Hybrid,AUTOMATIC,Silver,2,2014000,"KSh 1,573,000",7%,"KSh 60,000",0.05M,Cheque,Cancelled,cancelled,,12,FALSE,KES 0
LC1150,45736,45764,John Otieno,NGO,64,Rift-Valley,Nakuru,NAKURU,NAKURU YARD,Grace Njeri,Facebook,Mitsubishi,Pajero,suv,N/A,hybrid,auto,Pearl,1,5553000,"KSh 4,970,000",5%,"84,000",99000,Bank Transfer,Refunded,Delivered,2.6 out of 5,ten,,5359350
ord1151,,45862,Winnie Njeri,Dealer,63,eastern,machakos,Mlolongo,ATHI RIVER,Aisha Mohamed,Face book,mitsubishi,Canter,Truck,2016,Petrol,Automatic,Green,1,4338000,3534000,15 percent,119000,"KSh 130,000",Bank Transfer,Cancelled,Cancelled,3.5 out of 5,37,No,KSh 0
LCL-1152,"Aug 21, 2025",30/08/2025,Mary Mohamed,Dealer,53,EASTERN,Machakos,Athi River,Athi River yard,Peter Kiptoo,Walk In,HONDA,Vezel,Crossover,1899,Electric,Manual,White,1,"KES 2,601,000",2.35M,5,68000,"KES 103,000",Bank Transfer,Pending,Delivered,2.8 out of 5,32,RETURNED,"KSh2,538,950"
LCL1153,30/04/2025,13/05/2025,Victor Maina,dealer,63,central,kiambu,Thika,Thika Yard,Aisha Mohamed,Referral,Subaru,impreza,sedan,2024,Diesel,Automatic,Green,4,"KSh 2,023,000",1653000,7%,20000,29000,asset finance,complete,delivered,3.8 out of 5,38,No,7545559
CAR1154,,31/02/2026,Faith Mwangi,NGO,61,RIFT VALLEY,uasin gishu,Eldoret,ELDORET YARD,Daniel Kimani,whatsapp,honda,vezel,Crossover,2024,Petrol,Automatic,white,1,2642000,"KSh 2,349,000",0%,94000,not available,Bank Transfer,Paid,Cancelled,2.2 out of 5,12,not returned,2736000
ord1155,"Mar 28, 2025","Apr 16, 2025",john mutua,corp,68,RIFT VALLEY,NAKURU,Nakuru,Nakuru Yard,SAMUEL MUTUA,Website,mitsubishi,Canter,Truck,2025,PETROL,A/T,Black,1,"KSh 3,561,000","KSh3,218,000",10%,"KSh 164,000","KSh 233,000",Bankers Cheque,cancelled,Delivered,2.8 out of 5,25,RETURNED,"KSh -3,368,900"
ORD1156,45821,16/06/2025,James Wafula,Individual,0,Coast,mombasa,MOMBASA,Mombasa Port Yard,mary wanjiku,Call,NISSAN,juke,CROSSOVER,2021,Petrol,automatic,white,1,missing,1592000,0.1,163000,"KSh 150,000",CHEQUE,Partially Paid,Delivered,5 out of 5,27,No,1757800
LCL-1157,"Aug 20, 2025",45900,Carol Ochieng,NGO,51,Riftvalley,Nakuru,NAKURU,Nakuru Yard,GRACE NJERI,whatsapp,Mitsubishi,Pajero,suv,2023,Hybrid,Automatic,Black,,4579000,"KES 3,919,000",0.05,"KSh138,000","KSh189,000",Bank transfer,Partially Paid,done,2.6,4,Not Returned,"KSh 4,936,855"
LC1158,45882,45884,Mary Mohamed,Corporate,61,nyanza,Kisumu,KSM,Kisumu Yard,Grace Njer1,instagram,TOYOTA,Prado TX,SUV,2015,Gasoline,Automatic,White,1,"KSh 6,845,000","KSh 5,632,000",0.1,"KSh178,000","KSh148,000",wire,Paid,Cancelled,2.8 out of 5,32,not returned,"6,338,500"
LCL-1159,21/01/2025,45693,Grace Chebet,car dealer,54,Coast,MOMBASA,Msa,MOMBASA PORT YARD,Aisha Mohamed,Corporate Tender,Toyota,Prado TX,SUV,2015,PETROL,AUTO,White,1,"KSh 7,473,000","KSh 6,501,000",7%,"KES 70,000",129000,BANKERS CHEQUE,Paid,Delivered,-,35,NO,7019890
CAR1160,01/08/2025,45898,Joseph Maina,Person,31,RIFT VALLEY,Uasin Gishu,eldoret,Eldoret Yard,Mary Wanj1ku,referal,Totoya,harrier,SUV,2023,Gasoline,automatic,Blue,2,4117000,"3,198,000",0.1,69000,"KSh 67,000",Cash,complete,Transit,2.8,37,YES,"KSh -7,479,600"
ord1161,11/10/2025,N/A,Peter Maina,individual,41,Rift Valley,Nakuru,Nakuru,Nakuru Yard,Dan1el Kimani,facebook,Toyota Kenya,corolla,saloon,2017,Hybrid,Manual,Whi,1,"KSh 2,147,000","1,830,000",7%,"KSh88,000","KSh 69,000",asset finance,canceled,Cancelled,2.8 out of 5,41,no,2084709
LCL-1162,45832,15-Jul-25,PETER WANJIKU,NGO,-5,Western,Kakamega county,KAKAMEGA TOWN,Kakamega Yard,Mercy At1eno,Website,subaru,Forester,SUV,2024,hybrid,AUTOMATIC,Black,1,3391000,"KSh2,814,000",25%,"KSh 38,000",85000,Cash,Pending,Delivered,2.5 out of 5,32,not returned,"KSh2,581,250"
ord1163,28-Oct-25,46069,Winnie Muthoni,Dealer,45,Western,Kakamega,Kakamega,Kakamega yard,grace njeri,CORPORATE TENDER,Honda motors,vezel,Crossover,2015,Diesel,auto,WHI,1,2.99M,"KES 2,670,000",5%,0.03M,42000,Cheque,Paid,IN-TRANSIT,4.3,2,YES,"KES 2,869,300"
LCL1164,15-Mar-26,"Apr 02, 2026",James Kiptoo,Individual,48,Eastern,Machakos,Athi River,ATHI RIVER,Aisha Mohamed,Phone Call,Volkswagen,GOLF,Hatchback,Twenty Twenty,Electric,Automatic,silver,1,"KSh 2,444,000","1,994,000",7%,"KES 16,000","KSh 23,000",cheque,unpaid,Delivered,4.8 out of 5,34,No,2288920
LCL1165,45815,45834,Naomi Mutua,Individual,62,Central,Kambu,THIKA,Thika yard,Faith,WATSAPP,ISZU,N-SERIES,Truck,202A,Hybrid,A/T,Black,3 cars,5165000,4392000,5%,170000,151000,M-Pesa,Pending,in transit,4.9 out of 5,38,,5076750
ord1166,09/11/2025,26/09/2025,Grace Kimani,NGO,32,Central,Kiambu,Thika,THIKA YARD,kevin  mwangi,instagram,Toyota,Harrier,SUV,,HYBRID,Manual,pearl,1,"KES 5,067,000",4499000,5 percent,168000,"KSh 150,000",Cheque,Pending,delivered,4.7 out of 5,33,,4981650
LCL-1167,April 31 2026,03/17/2025,Carol Ochieng,NGO,35,Western,kakamega,Kakamega,KAKAMEGA YARD,Brian Otieno,phone,Toyta,Axio,sedan,2021,hybrid/petrol,a/t,Green,1,missing,1581000,10 percent,"KSh97,000","KSh 157,000",wire,PAID,held,2.5 out of 5,24,Yes,1767400
N/A,13/02/2026,15/03/2026,John Mugambi,Corporate,61,Western,kakamega,Kakamega,Kakamega yard,GRACE NJERI,refferal,toyota,COROLLA,SEDAN,2023,Dsl,Automatic,Green,1,"KES 2,021,000","KSh 1,804,000",12%,100000,missing,Asset financing,Completed,Delivered,4.2 out of 5,23,NO,"KSh1,878,480"
CAR1169,"Dec 21, 2025",04-Jan-26,faith wafula,government,45,Western,Kakamega,KAKAMEGA,KAKAMEGA YARD,brian otieno,referral,Nissan,Juke,Crossover,2025,EV,manual,Blue,1,2200000,"KSh 1,798,000",0%,"KSh 130,000",127000,Bankers Cheque,pending,completed,4.6 out of 5,28,No,missing
LCL-1170,46183,06/12/2026,Aisha Mohamed,ngo,38,nrb,nairobi county,NAIROBI,Nairobi HQ,faith achieng,instagram,Totoya,Corolla,Sedan,2025,Hybrid,Automatic,White,1,"KES 2,004,000","KSh 1,785,000",12%,0.14M,155000,M pesa,Refunded,At the yard,2.0 out of 5,12,Yes,KSh 0
CAR1171,46169,06/01/2026,Peter Ochieng,Government,47,coast,mombasa,Msa,MSA yard,Samuel Mutua,Instagram,Subaru,forester,Suv,2017,Diesel,auto,SILVER,3,"KSh 3,187,000","2,661,000",2%,"KSh 34,000","KSh 44,000",CASH,Partially Paid,done,3.1 out of 5,24,,"KES 9,403,780"
LCL-1172,31/02/2026,46122,aisha kariuki,Corporate,thirty,Eastern,machakos,Athi River,ATHI RIVER YARD,Faith Achieng,REFERRAL,Mitsubishi,Canter,Truck,2026,PETROL,Automatic,whi,3 cars,3956000,3277000,2%,168000,185000,Cash,PARTIALLY PAID,DELIVERED,3.3 out of 5,37,not returned,4044880
LCL-1173,,17/05/2026,Joy Chebet,Company,22,Nyanza region,KISUMU,Kisumu,Kisumu branch,Brian Otieno,Referral,Honda,fit,hatchback,2018,Petrol,AUTO,Red,5,"KSh 1,275,000",1105000,NULL,42000,"KSh 58,000",M pesa,partially paid,Delivered,3.5,8,TRUE,"KSh5,779,500"
ord1174,03/29/2025,45764,Joseph Kimani,NGO,43,nairobii,nairobi,Nairobi,Nairobi Hq,Mercy  Atieno,Corporate Tender,toyota,fielder,Wagon,2018,petrol,AUTO,RED,1,1.89M,1.7M,10 percent,36000,"57,000",ASSET FINANCE,Paid,Cancelled,2.4,41,N,"KSh 1,732,500"
ORD1175,45933,45952,Winnie Kiptoo,Person,56,Eastern,Machakos,Athi River,Athi River Yard,Samuel Mutua,Facebook,Totoya,COROLLA,Sedan,1899,electric,auto,red,1,2015000,1676000,15%,"KSh 82,000","KES 96,000",Cheque,paid,delivered,2.4,12,No,1794750
CAR1176,46011,30/12/2025,James Wafula,Corporate,N/A,east,Machakos,Athi River,AthiRiver Yard,mary wanjiku,Instagram,Mazda,AXELA,SEDAN,2024,Hybrid,Automatic,white,1,1899000,1.52M,ten percent,not available,52000,M pesa,Cancelled,Cancelled,3.4,16,FALSE,"KSh1,935,020"
CAR1177,,09/17/2025,Unknown,Dealer,60,WESTERN,Kakamega county,kakamega town,Kakamega Yard,brian otieno,Instagram,totoya,HIACE,Van,2025,Hybrid,manual,GREY,1,"KSh5,612,000","KSh4,319,000",7%,-67000,"82,000",M-Pesa,Paid,At yard,-,35,No,"KSh 5,286,160"
LCL1178,18-Nov-25,-,Carol Achieng,government,66,Rift Valley,Uasin Gishu,eldoret,Eldoret Yard,MARY WANJIKU,Instagram,VOLKSWAGEN,Tiguan,SUV,2017,PETROL,Automatic,Sil,,"KSh 4,834,000",4.07M,15 percent,"KSh 46,000",52000,Cash,paid,Delivered,4.7/5,9,not returned,"KES 20,590,500"
LCL-1179,10/03/2026,04/04/2026,John Kiptoo,Corporate,25,Rift,NKR,NAKURU,Nakuru yard,SAMUEL MUTUA,REFERRAL,nissan,X-TRAIL,Suv,2020,PETROL,MT,Green,1,3164000,"KSh2,506,000",10%,33000,0.06M,mpesa,Paid,on the way,4.0 out of 5,17,No,2880600
LCL-1180,18/02/2026,27/02/2026,Kevin Muthoni,CORPORATE,39,Central,KIAMBU,THIKA,Thika Yard,Faith Achieng,Referral,totoya,Prado,SUV,2025,DIESEL,auto,Pearl,1,"KES 7,979,000","KSh 6,677,000",10 percent,"KSh 60,000",62000,Bank Transfer,paid,Delivered,2.5,0,FALSE,"KES 7,241,100"
N/A,03/04/2026,10/04/2026,John Kiptoo,Government,42,westen,kakamega,Kakamega,KAKAMEGA YARD,peter kiptoo,Instagram,totoya,lc200,SUV,2017,Diesel,Automatic,Black,1,"KSh 12,156,000","KSh 10,364,000",5%,179000,152000,Asset financing,unpaid,Delivered,4.4 out of 5,38,TRUE,"KES 11,727,200"
ord1182,04/01/2026,18-Jan-26,John Kariuki,Government,23,Central,kiambu,Thika,thika yard,brian otieno,phone call,subaru,outback,Wagon,2020,hybrid,Automatic,Grey,1,4175000,"KES 3,574,000",10%,"KES 109,000",not available,mpesa,partial,DELAYED,4.7,13,NO,"KSh 3,866,500"
CAR1183,12/04/2026,05/09/2026,Linda Mwangi,Government,45,RIFT,UASIN GISHU,eldoret,ELD YARD,Aisha Mohamed,facebook,Honda,Fit Hybrid,HATCHBACK,2024,Hybrid,automatic,Pearl,1,1484000,"KES 1,170,000",5%,"KSh 45,000","KES 76,000",BANK TRANSFER,Paid,Delivered,4.6 out of 5,30,N,"KSh1,454,800"
N/A,14/02/2026,N/A,Mercy Kariuki,Individual,47,Nairobii,NRB,Embakasi,Nairobi HQ,grace njeri,Instagram,Mitsubishi,Canterr,truck,2025,Gasoline,Automatic,Silver,1,"3,661,000",3247000,7 percent,0.14M,"KSh 159,000",ASSET FINANCE,PENDING,At yard,3.9 out of 5,26,Yes,3540730
LCL-1185,45937,13-Oct-25,Victor Ochieng,DEALER,60,Western,Kakamega,kakamega,Kakamega branch,Faith  Achieng,Website,HONDA,vezel,Crossover,2021,Diesel,Automatic,white,4,2635000,"KES 2,265,000",NULL,"KSh74,000",111000,ASSET FINANCE,Paid,Delivered,3.8 out of 5,11,not returned,"KSh 9,033,000"
LCL1186,06/05/2026,25/05/2026,aisha mugambi,Individual,25,Rift-Valley,Eldoret,ELDORET,Eldoret Yard,Mary Wanjiku,WHATSAPP,honda,Fit,HATCHBACK,2023,petrol,Automatic,Silver,1,1343000,1126000,3%,64000,"KSh61,000",wire,deposit paid,DELIVERED,2.3,31,n,"KSh 1,366,710"
ORD1187,01/09/2025,09/11/2025,Kevin Otieno,GOVERNMENT,26,Nairobi,Nairobii,Nairobi,Nairobi HQ,FAITH ACHIENG,corporate,Mercedes-Benz,C-200,sedan,2021,Diesel,Automatic,WHITE,1,5.62M,"KES 4,789,000",0.03,"32,000",error,M-Pesa,CANCELLED,on the way,3.7,10,N,0
LC1188,01/02/2025,05-Jan-25,Peter Maina,NGO,52,EASTERN,Machakos,Mlolongo,Athi River Yard,DANIEL KIMANI,INSTAGRAM,subaru,Outback,Wagon,2024,Petrol,AUTO,white,1,"KSh3,558,000",3082000,7%,156000,233000,Bank Transfer,paid,In Transit,4.8 out of 5,N/A,Y,"KES 3,464,940"
LCL-1189,46019,22/01/2026,Hassan Omondi,Dealer,55,central,Kambu,Thikka,Thika yard,DANIEL  KIMANI,refferal,nissan,Navara,Pickup,2023,Petrol,Automatic,Gre,1,4661000,3891000,7 percent,18000,"KSh32,000",Asset Finance,PARTIALLY PAID,In Transit,3,33,No,4.35M
LCL-1190,27/11/2025,"Dec 19, 2025",Grace Otieno,person,58,Rift Valley,nakuru,Nakuru,NAKURU YARD,Grace Njeri,Corporate Tender,Honda,Fit,HATCHBACK,2026,Petrol,A/T,Green,1,"KSh 1,458,000","KSh 1,277,000",5 percent,"142,000","KSh 223,000",BANK TRANSFER,CANCELLED,Canceled,-1,21,TRUE,0
-,11/01/2025,"Jan 17, 2025",Kevin Nyambura,Individual,23,RIFT VALLEY,Uasin Gishu,ELDORET,Eldoret Branch,Peter Kiptoo,phone call,toyota,Prado TX,Suv,2017,Dsl,Manual,Black,1,6874000,5817000,-10%,"KES 86,000",97000,Cheque,Paid,Delivered,4.2 out of 5,28,FALSE,"KSh 7,647,400"
LC1192,"Apr 06, 2025",18/04/2025,Mercy Kariuki,Dealer,50,Central,Kiambu County,THIKA,THIKA YARD,Grace Njeri,web,Toyota,land-cruiser,SUV,202A,petrol,Manual,Grey,1,122420000,9382000,unknown,0.17M,not available,M-PESA,deposit paid,Delivered,3.6,15,NO,-2283399
LCL1193,"Jan 13, 2026",46064,Kevin Nyambura,Government,68,rift valley,Uasin Gishu,eldoret,Eldoret Branch,aisha mohamed,whatsapp,Totoya,Prado tx,Suv,2019,Hybrid,AT,blue,3,not available,"KSh 5,640,000",0.05,42000,"KES 72,000",Bank Transfer,Partially Paid,yard,2.1 out of 5,N/A,No,"KSh18,532,800"
ord1194,07/10/2025,31/02/2026,Kevin Njeri,Person,53,COAST,MOMBASA,mombasa,MOMBASA PORT YARD,PETER  KIPTOO,Whats App,Toyota,Harier,SUV,2022,petrol,auto,Red,1,"KSh 4,615,000","KSh4,036,000",10%,KSh 0,180000,CHECK,PAID,Delivered,5.0 out of 5,4,not returned,4306500
LCL1195,05/01/2025,01/13/2025,james mutua,Dealer,37,Western,Kakamega,kakamega,Kakamega branch,Mercy Atieno,refferal,Mazda,Cx-5,SUV,2018,petrol,automatic,black,8,"3,866,000",3251000,0.2,41000,0.06M,Bank Transfer,Part Paid,Cancelled,2.7 out of 5,6,not returned,24.78M
,17-Nov-25,11/21/2025,Joy Mugambi,Company,60,RIFT VALLEY,NAKURU,nakuru,NKR Yard,samuel mutua,refferal,Nissan,Juke,CROSSOVER,2021,PMS,At,Sil,7,1.95M,1692000,10%,145000,"KSh 222,000",M-Pesa,Refunded,at yard,2.5 out of 5,15,not returned,#VALUE!
CAR1197,04/28/2025,05/25/2025,N/A,INDIVIDUAL,29,Western,Kakamega,KAKAMEGA,kakamega yard,Dan1el Kimani,referral,Mazada,CX-5,SUV,2019,petrol,auto,Blue,4,"KES 3,551,000","KSh2,814,000",No Discount,not available,"KES 101,000",RTGS,PENDING,At Yard,4.6,33,No,11476200
LC1198,45957,N/A,Hassan Mwangi,Individual,57,nairobi,NAIROBI,nairobi,Nairobi HQ,faith achieng,Instagram,Honda,VEZEL,Crossover,2026,PETROL,Automatic,Grey,1,3028000,"KSh 2,401,000",120%,"23,000",60000,M-Pesa,cancelled,cancelled,2.7 out of 5,0,No,missing
LC1199,45977,45989,Daniel Kariuki,Dealer,46,West,KAKAMEGA,KAKAMEGA,KAKAMEGA YARD,Mercy  Atieno,corporate tender,Toyta,Fielder,wagon,2017,petrol,Automatic,Pearl,4,1738000,1429000,NULL,0.18M,252000,Cheque,Completed,DELIVERED,3.1 out of 5,0,No,6644360
LC1200,April 31 2026,N/A,Peter Ochieng,Corporate,27,NYANZA,KISUMU,KISUMU,ksm yard,Samuel Mutua,walk in,Mazda,Atenza,Sedan,2015,Diesel,Manual,Grey,5,"KSh 2,660,000","KSh2,241,000",5%,"KSh141,000","KSh 137,000",RTGS,part paid,At Yard,3.2,36,No,12776000
ord1201,,24-Feb-26,Brian Wanjiku,Non Profit,58,Central,Kiambu,Thika,Thika Branch,Mary,Instagram,Toyota Kenya,Land Cruiser,SUV,2018,gasoline,Automatic,Gre,1,14682000,"KES 11,987,000",0.12,#VALUE!,"KSh151,000",rtgs,PAID,Canceled,2.8,-3,No,"KSh 6,509,080"
N/A,21-Mar-26,09/04/2026,Brian Ochieng,Retail,58,nairobi,Nrb,NAIROBI,Nairobi HQ,FAITH ACHIENG,corporate,Honda,Vezel,CROSSOVER,2021,Dsl,automatic,black,2,"KSh 2,430,000",2087000,Disc,106000,75000,M-Pesa,Canceled,Canceled,2.7,39,FALSE,"KSh 4,382,800"
LCL1203,46069,17/03/2026,Aisha Mohamed,CORPORATE,27,NBI,Nairobii,NAIROBI,nairobi hq,AISHA MOHAMED,corp tender,Toyta,hilux,pickup,2020,Diesel,Automatic,Pearl,3,"KES 5,527,000","KSh -4,841,000",12 percent,138000,159000,Cash,PAID,in transit,5,13,No,"16,202,208"
LCL1204,26/05/2025,45827,Mary Kiptoo,CORPORATE,55,Central,Kiambu,thika,THIKA YARD,Mercy At1eno,insta,isuzu,D-Max,pickup,2015,Petrol,automatic,red,1,"4,230,000","KSh3,526,000",3%,130000,181000,Cheque,paid,DELIVERED,4.2 out of 5,32,NO,"KSh 4,233,100"
CAR1205,05/04/2026,07/04/2026,james maina,corporate,25,Rift Valley,Nakuru county,nakuru,NAKURU YARD,Faith  Achieng,Facebook,HONDA,Fit Hybrid,hatchback,2015,petrol,manual,Blue,1,"KES 1,275,000",-,0.02,160000,#VALUE!,Bank transfer,Paid,Delivered,2.4 out of 5,41,No,"KSh 1,409,500"
LC1206,03/09/2025,"Sep 26, 2025",Faith Maina,Individual,42,eastrn,Machakos,ATHI RIVER,Athi River Yard,Grace Njeri,Referral,HONDA,vezel,Crossover,2017,petrol,automatic,Blue,1,"KSh 3,042,000",2319000,,"166,000","KSh 211,000",M-Pesa,PAID,DELIVERED,3,16,RETURNED,"KES 3,208,000"
CAR1207,17-Jan-26,08-Feb-26,Mary Mutua,GOVERNMENT,27,Nyanza,Kisumu,Kisumu,KISUMU YARD,BRIAN OTIENO,CORPORATE TENDER,Isuzu,Dmax,Pickup,2023,petrol,Automatic,Pearl,4,"KES 4,625,000","KSh 3,590,000",5%,"134,000",182000,Cheque,Paid,DELIVERED,3.6 out of 5,45,YES,"KSh 17,709,000"
LC1208,45772,April 31 2026,Carol Maina,Retail,-5,rift,NULL,ELDORET,Eldoret Yard,Brian Otieno,,Mitsubishi,Outlander,SUV,N/A,Petrol,-,Black,1,"KSh3,367,000","KSh 2,607,000",12%,-146000,"201,000",Asset Finance,PENDING,delayed,3.4 out of 5,11,-,"KES 3,419,856"
CAR1209,24-Sep-25,24/10/2025,Kevin Otieno,county govt,28,Rift Valley,ELDORET,eldoret,Eldoret yard,SAMUEL  MUTUA,Phone Call,Honda,Vezel,Crossover,2015,Diesel,Manual,WHITE,1,"KSh2,755,000",2483000,15 percent,40000,"73,000",check,paid,On The Way,4.3 out of 5,0,No,1190875
ord1210,08/07/2025,03/07/2025,James Chebet,CAR DEALER,46,western,kakamega,KAKAMEGA,Kakamega branch,Faith Achieng,insta,Nissan,Navara,Pickup,2017,Diesel,Automatic,grey,3,4724000,"KSh 3,868,000",#ERROR,39000,50000,M pesa,COMPLETED,COMPLETED,4.5,8,,13927560
LCL1211,26/07/2025,31/02/2026,Brian Nyambura,INDIVIDUAL,67,Eastrn,MACHAKOS,AthiRiver,AthiRiver Yard,Grace Njeri,whatsapp,Toyota Kenya,Prado Tx,suv,2019,petrol,AUTO,Bla,3 cars,6918000,"KSh5,906,000",5%,not available,0.21M,Cash,Paid,Done,2.3 out of 5,19,not returned,"KSh6,749,100"
N/A,08/02/2026,06-Mar-26,John Mohamed,dealer,68,Central,kiambu,THIKA,THIKA YARD,MARY WANJIKU,WEBSITE,Nissan,Note,Hatchback,2022,petrol,Automatic,Green,2,"1,349,000","KSh1,170,000",12 percent,"KES 55,000","KES 102,000",wire,Paid,DELIVERED,3.2 out of 5,41,No,"1,214,620"
LCL-1213,45978,13/12/2025,Mercy Wanjiku,DEALER,61,eastern,MKS,athi river,Athi River yard,GRACE NJERI,IG,Mazda,DEMIO,HATCHBACK,2016,petrol,Auto,Blue,3 cars,"KSh 1,312,000","KSh1,088,000",5%,,"KES 153,000",Loan,PAID,DELIVERED,4.7/5,25,No,1379400
ORD1214,12-Dec-25,26/12/2025,Naomi Maina,Government,33,Central,kambu,Thikka,Thika Yard,Peter Kiptoo,FACEBOOK,TOYOTA,Fieldar,Wagon,2018,petrol,Automatic,green,3 cars,1952000,1605000,7%,82000,"KSh 104,000",Cash,Paid,in transit,2.1 out of 5,19,NO,"KSh 5,528,080"
ord1215,45740,21/04/2025,Unknown,NGO,30,RIFT VALLEY,Nakuru,nakuru,Nakuru branch,Daniel Kimani,corporate tender,mazda,Atenza,Sedan,2023,hybrid/petrol,Automatic,Green,1,"KSh 2,480,000","KSh2,032,000",15,"KSh146,000","KSh 143,000",M pesa,Paid,Delivered,4.7 out of 5,39,returned,"KSh 4,508,000"
ORD1216,45893,"Sep 06, 2025",Mary Mohamed,individual,-5,Central,Kiambu,Thika,THIKA,Aisha  Mohamed,Phone Call,volks wagen,Tiguan,SUV,2023,Dsl,automatic,GREEN,1,"KSh 4,591,000","KSh 3,901,000",,"KSh 97,000",129000,check,PAID,Delivered,4.6 out of 5,11,N,4596180
ord1217,09/05/2025,"Jun 07, 2025",Mary Wanjiku,GOVT,56,Riftvalley,Uasin Gishu,Eldoret,Eldoret Yard,Grace Njeri,Walk-in,TOYOTA,Axio,sedan,2016,hybrid,AUTOMATIC,Pearl,1,1875000,"1,638,000",-0.1,"48,000",#VALUE!,Cheque,Pending,AT YARD,3.7,20,No,1055250
LC1218,46189,46195,James Mugambi,Individual,43,eastern,machakos,AthiRiver,Athi River Yard,Faith Achieng,WHATSAPP,Honda motors,VEZEL,Crossover,2022,PETROL,automatic,Red,1,2755000,2332000,Disc,"KSh 35,000","KSh51,000",M-Pesa,PAID,completed,2.8,8,No,2707350
CAR1219,21/05/2025,45786,Victor Muthoni,Dealer,35,EASTERN,machakos,ATHIRIVER,Athi River Yard,Peter,Phone Call,toyota,Hilux,Pickup,202A,PETROL,Automatic,Silver,4,"KES 5,601,000","KSh 4,957,000",2,"KSh 116,000","KES 177,000",BANK,COMPLETED,Delivered,3.1,22,No,22.07M
ORD1220,45674,24/01/2025,Aisha Omondi,Individual,42,Western,kakamega,kakamega,Kakamega Yard,br1an otieno,Site,toyota,Harrier,suv,2015,hybrid/petrol,Manual,GREY,1,3937000,3.54M,15%,"KSh92,000","KES 101,000",Asset Finance,Paid,Delivered,4.4,27,not returned,3782295
LCL-1221,05-Dec-25,46005,Kevin Wanjiku,Non Profit,62,Nyanza,Kisumu,Kisumu,KSM Yard,Daniel Kimani,Instagram,Mercedes-Benz,E250,saloon,2015,Petrol,auto,BLACK,1,7019000,6005000,15%,145000,175000,cash,Paid,cancelled,2.4 out of 5,41,,not available
LCL-1222,03/05/2026,46167,James Muthoni,NGO,25,Nairobi,NAIROBI,Nairobi,NAIROBI HQ,FAITH ACHIENG,corporate tender,Mitsubishi,Canter,TRUCK,2026,Petrol,AUTOMATIC,GREEN,1,"KES 3,779,000","3,125,000",5%,not available,94000,M-PESA,cancelled,Cancelled,4.7,35,No,0
CAR1223,09/03/2026,46140,Winnie Njeri,dealer,58,nrb,Nairobi,Nairobi,Main Yard,kevin mwangi,Website,Toyota,Harrier,SUV,2025,Diesel,MANUAL,Whi,1,"4,102,000",3684000,120%,"KSh 83,000","KSh 98,000",asset finance,Refunded,on the way,2.5 out of 5,1,Y,"737,399"
LC1224,45737,45753,Naomi Mutua,Corporate,121,Cost,MOMBASA,Mombasa,Mombasa Port Yard,FAITH ACHIENG,phone call,Honda motors,Vezel,CROSSOVER,2024,HYBRID,Automatic,Blue,1,2443000,2208000,3%,52000,-,Cash,Paid,DELIVERED,2.8 out of 5,29,NO,4843420
ord1174,2026-13-04,-,Naomi Wanjiku,PERSON,48,WESTEN,Kakamega,kakamega,kakamega yard,MARY  WANJIKU,instagram,Mazda,Atenza,sedan,2016,Gasoline,AT,SILVER,1,"KSh 2,671,000","KSh2,387,000",7%,72000,"KSh76,000",Bank Transfer,Partially Paid,Delivered,2.6 out of 5,5,NOT RETURNED,2556030
N/A,21/12/2025,18/01/2026,Naomi Nyambura,company,35,COST,Mombasa county,mombasa,MOMBASA PORT,mercy atieno,Instagram,Mazda,C X5,SUV,2023,petrol,Automatic,Whi,-1,"KES 3,560,000",3030000,10 percent,"KSh82,000","KES 85,000",Cash,Paid,In Transit,2.8 out of 5,27,no,"KES 3,286,000"
CAR1227,01/07/2025,"Jul 07, 2025",Peter Mutua,Individual,65,RIFT-VALLEY,Nakuru,Nakuru,NKR Yard,Brian Otieno,WhatsApp,Toyta,Harrier,SUV,2026,PETROL,AUTOMATIC,blue,1,"KSh 4,445,000",3843000,12 percent,46000,52000,bank,pending,Delivered,4.2,27,TRUE,3957600
,"Nov 24, 2025",12/12/2025,Faith Kiptoo,Corporate,43,CENTRAL,kiambu,thika,Thika Yard,Kevin Mwangi,Phone Call,HONDA,fit,Hatchback,2020,Petrol,Automatic,GREY,5,"1,592,000","KSh 1,347,000",1.2,111000,"KSh 124,000",M-Pesa,Paid,In Transit,4.3 out of 5,14,returned,"KSh -1,480,999"
ord1229,03-Jun-26,31-May-26,Linda Mutua,n.g.o,62,Nairobii,Nairobii,Nairobi,Main Yard,MERCY,Whats App,nissan,Note,Hatchback,2026,Petrol,Manual,RED,2,"KES 1,189,000",932000,0,"KSh19,000",TBD,M PESA,paid,In Transit,3.0 out of 5,2,No,2.4M
LCL-1230,45789,19/05/2025,John Mugambi,Dealer,55,Central,KIAMBU,Thika,THIKA YARD,br1an otieno,referal,ISUZU,N-Series,Truck,2015,petrol,AUTOMATIC,White,1,"KSh 4,783,000",3640000,5%,"KSh 110,000",146000,Cheque,pending,Delivered,3.6,38,No,"KSh 4,653,850"
ord1231,45793,45796,Faith Mwangi,Individual,67,Western,Kakamega,Kakamega,Kakamega,Daniel Kimani,FACE BOOK,subru,XV,CROSSOVER,2017,Petrol,Automatic,Black,1,not available,1831000,7%,84000,"KES 73,000",Bank transfer,CANCELLED,Done,6,13,Y,0.0M
LCL-1232,28/08/2025,45923,kevin wanjiku,ngo,27,Nyanza region,Kisumu,Kisumu,KSM YARD,Br1an Otieno,Website,Totoya,FIELDER,wagon,2015,Petrol,Automatic,black,1,1880000,"KSh1,675,000",0%,15000,14000,Cash,cancelled,Done,4.3 out of 5,39,y,KSh0
ord1233,45960,45965,WINNIE MAINA,dealer,47,Rift Valley,nkr,nakuru,Nakuru Yard,Grace Njer1,WEBSITE,mazda,cx-5,SUV,2025,Diesel,A/T,silver,4,"KES 3,473,000",2.75M,0.05,"KES 25,000",42000,M-Pesa,Paid,done,3.1,6,YES,13222400
,"Apr 18, 2026",46158,Kevin Kimani,ngo,33,COAST,MOMBASA,Mombasa,Mombasa Port Yard,Mercy,PHONE CALL,BMW,X-5,SUV,Twenty Twenty,Hyb,Automatic,White,1,"KES 9,991,000",8484000,15%,"KSh 117,000",0.17M,asset finance,paid,Delivered,5.0 out of 5,10,Yes,8609350
LCL1235,46156,46160,Joseph Otieno,Individual,67,NYANZA,Kisumu,Kisumu,Kisumu Yard,Peter Kiptoo,CORPORATE TENDER,HONDA,CR-V,suv,2024,PETROL,manual,GREY,,4408000,3.37M,10%,98000,"KSh 93,000",bankers cheque,paid,delivered,3.1,4,NO,"4,065,200"
LCL1236,45917,45903,Joy Kariuki,Company,36,Eastern,Mchakos,Mlolongo,Athi River Yard,Kevin,walk-in,nisan,XTRAIL,SUV,2022,pms,a/t,PEARL,1,"KSh 3,631,000",2829000,0%,0.04M,66000,M-Pesa,Paid,Delivered,3.4 out of 5,45,No,3676000
LCL-1237,16/12/2025,11/04/2026,Mercy Muthoni,Government,41,nyanza,ksm,KISUMU,KSM Yard,DANIEL KIMANI,Watsapp,Subaru,Forester,SUV,2020,Diesel,auto,silver,1,0,"KSh3,054,000",0.05,54000,63000,cash,Paid,in transit,3.2 out of 5,20,,"KES 3,648,800"
CAR1238,45954,N/A,Mary Maina,NGO,28,Rift Valley,nakuru,Nakuru,Nakuru Yard,faith achieng,facebook,Benz,C200,SEDAN,2015,diesel,at,Red,1,5736000,"4,678,000",2%,72000,0.08M,CASH,complete,DELAYED,2.4 out of 5,1,returned,"KSh 5,693,280"
LCL-1239,14-May-26,01/06/2026,Grace Nyambura,GOVERNMENT,30,Eastrn,MACHAKOS,Athi River,Athi River Yard,grace njeri,WALK IN,Mazda,Demio,HATCHBACK,2021,pms,A/T,RED,1,1269000,1085000,0.2,"KSh 57,000",68000,Cheque,Paid,at yard,4.7 out of 5,34,TRUE,1072200
LC1240,"May 30, 2026",16-Jun-26,Grace Njeri,N.G.O,46,nyanza,Kisumu,KISUMU,Kisumu Yard,aisha,Website,mazda,ATENZA,Sedan,,petrol,AUTOMATIC,Silver,2,2597000,2102000,3%,"KSh 142,000","KSh165,000",LOAN,REFUND,Delayed,3.2 out of 5,1,YES,0
LC1241,45946,45976,Victor Kiptoo,Government,66,Riftvalley,Uasin-Gishu,Eldoret,ELDORET YARD,Grace Njeri,Phone Call,BMW,320i,SEDAN,2019,Hybrid,automatic,gre,1,"KSh4,279,000","3,511,000",0.07,"31,000","KSh42,000",cheque,CANCELLED,Cancelled,3.6 out of 5,12,TRUE,missing
LCL1242,06-Apr-26,04/04/2026,Kevin Wafula,corporate,28,Rift Valley,Nakuru,NAKURU,Nakuru branch,Grace Njeri,Facebook,Mercedes-Benz,C200,Sedan,2017,diesel,A/T,Blue,7,"5,660,000",4983000,3%,"KES 79,000","104,000",CHEQUE,Awaiting payment,Delivered,2.6 out of 5,43,Y,38510400
LCL1243,45690,21/02/2025,Grace Kiptoo,Non Profit,58,Rift Valley,ELDORET,eldoret,Eldoret,MERCY ATIENO,WALKIN,SUBARU,imprezza,sedan,2022,hybrid/petrol,Automatic,Pearl,1,2.15M,1852000,0%,62000,"80,000",Cash,complete,delivered,4.9 out of 5,20,,"KSh1,674,500"
LCL1244,46131,06-May-26,Daniel Mwangi,NGO,36,Coast,msa,Mombasa,Mombasa Port,Brian Otieno,Phone Call,Toyta,fielder,Wagon,2016,hybrid,Automatic,Red,1,1.73M,"KSh 1,335,000",0.02,56000,missing,M pesa,PENDING,Canceled,4.9 out of 5,17,FALSE,"KES 1,755,320"
LCL1245,45959,11/24/2025,Brian Maina,Corporate,45,western,Kakamega,KAKAMEGA,Kakamega Yard,Mercy  Atieno,website,Subaru,Forestar,SUV,2026,PETROL,Automatic,White,1,"3,043,000",2323000,0.1,"KES 112,000",TBD,cheque,Paid,Done,4.3 out of 5,30,YES,"KSh3,135,770"
ORD1246,45807,02/06/2025,,CORP,31,coast,Mombasa,Msa,Mombasa Port Yard,GRACE NJERI,web,honda,Fit Hybrid,Hatchback,2022,Hybrid,Automatic,White,1,"KSh1,470,000",#VALUE!,,106000,170000,Asset Finance,PAID,delivered,4.0 out of 5,44,TRUE,"KSh 1,546,600"
ord1247,45666,01/30/2025,daniel maina,DEALER,52,EASTERN,machakos,Athi River,Athi River Yard,Daniel,instagram,Toyta,Prado tx,SUV,2026,PETROL,AUTOMATIC,Grey,3,6996000,"5,362,000",-,KSh 0,"KSh 48,000",Cash,Paid,delivered,4.5 out of 5,6,not returned,"KSh 18,931,200"
CAR1248,45972,46000,Joseph Omondi,Corporate,64,Coast,Msa,Mombasa,Mombasa Port Yard,brian  otieno,Corporate Tender,MITSHUBISHI,outlander,SUV,2021,Petrol,AUTOMATIC,Bla,1,3444000,2841000,2%,"KSh 164,000","KSh 225,000",CHEQUE,Paid,Done,4.4 out of 5,27,,"KSh3,539,120"
LCL1249,26/10/2025,NULL,Hassan Wanjiku,car dealer,57,Nairobi,NRB,NAIROBI,Nairobi Hq,Brian Otieno,Referral,B.M.W,320I,Sedan,2016,Diesel,MT,Pearl,1,4349000,"KSh3,923,000",10%,40000,"KSh65,000",cheque,CANCELLED,CANCELLED,,12,not returned,KSh 0
LCL-1250,,26/08/2025,Victor Maina,NGO,56,Western,Kakamega,Kakamega,Kakamega Yard,Daniel Kimani,Phone Call,Totoya,COROLLA,SEDAN,2024,Petrol,Automatic,white,1,1775000,1401000,0.25,"KSh 34,000",52000,Bank Transfer,Paid,completed,4.7,29,,"1,365,250"
LC1251,01/15/2025,05/05/2025,JOHN ACHIENG,individual,41,Msa Region,Mombasa county,mombasa,Mombasa Port Yard,Samuel Mutua,PHONE CALL,V.W,golf,Hatchback,2025,PETROL,Manual,SILVER,1,"KSh 1,927,000","KSh 1,730,000",2 percent,152000,,Cheque,PAID,completed,Excellent,20,TRUE,2.04M
ord1252,23-Jan-25,NULL,James Wafula,Government,39,Nyanza,Kisumu,Kisumu,Kisumu Yard,grace  njeri,Referral,MITSUBISHI,Pajero,suv,2023,DIESEL,auto,GREY,1,4376000,"KES 3,530,000",Disc,"KES 93,000",116000,Asset Finance,Paid,At Yard,2.7,14,Yes,"KSh4,162,679"
ORD1253,27/02/2025,45734,Peter Maina,Corporate,40,Nyanza,Ksm,Kisumu,Kisumu yard,Daniel Kimani,Corporate Tender,Nissan,XTRAIL,SUV,2020,Petrol,Manual,pearl,1,KSh0,2632000,0.5,"KES 18,000",26000,BANK TRANSFER,Cancelled,Cancelled,4.1,12,returned,KSh 0
ORD1254,10/04/2025,45777,Naomi Otieno,INDIVIDUAL,57,CENTRAL,Kiambu,Thikka,Thika branch,FA1TH ACHIENG,Referral,Toyota,Hilux,Pickup,2018,Gasoline,at,White,1,6132000,5461000,-10,137000,"KSh 103,000",M PESA,partial,In Transit,4.2,16,FALSE,6193980
LCL1255,45737,02/04/2025,Faith Nyambura,Dealer,25,RIFT VALLEY,Nakuru,Nakuru,Nakuru Yard,Grace,Referral,toyota,Prado TX,SUV,2016,diesel,Automatic,White,-1,"KSh 7,911,000","KES 6,248,000",-10 percent,49000,96000,Cash,Partially Paid,DONE,2.0 out of 5,28,Yes,#VALUE!
CAR1256,45806,N/A,Daniel Mugambi,dealer,30,Eastern,Machakos,Athi River,Athi River Yard,Mercy  Atieno,Website,Mitshubishi,Canterr,Truck,2015,Gasoline,M/T,Pearl,1,"KSh3,583,000","KES 2,884,000",15%,0,"83,000",cash,Pending,Delayed,2.1 out of 5,0,No,"KSh 1,545,275"
LC1257,01/12/2026,46042,MARY OMONDI,Car Dealer,47,western,Kakamega,kakamega,Kakamega Branch,Peter  Kiptoo,Website,Toyota,Fieldar,Wagon,2023,Petrol,MANUAL,green,1,1990000,"KSh1,697,000",15%,142000,144000,wire,CANCELLED,Delivered,2.2 out of 5,,,KES 0
-,,02/21/2025,Daniel Mwangi,Non Profit,22,Coast,Mombasa,Mombasa,Mombasa Port Yard,KEVIN,REFERRAL,VW,Golf GTI,Hatchback,2019,petrol,Automatic,SILVER,1,1.96M,"KES 1,547,000",0.1,38000,58000,Rtgs,complete,DELIVERED,3.9 out of 5,32,returned,1798400
CAR1259,02-May-25,07-May-25,Mercy Muthoni,Dealer,-,nyanza region,Kisumu county,Kisumu,Kisumu branch,Peter Kiptoo,INSTAGRAM,Toyota,Harrier,Suv,2022,PETROL,AT,Blue,7,5102000,4109000,0 percent,104000,119000,M-Pesa,Pending,DELIVERED,2.7 out of 5,3,returned,"KES 35,818,000"
LC1260,2026-13-04,45922,,Ngo,65,Rift,Uasin-Gishu,ELD,ELDORET BRANCH,Aisha Mohamed,WALK-IN,Mazada,DEMIO,Hatchback,2020,Hybrid,A/T,Pearl,1,1183000,"KSh 931,000",fifteen,"KES 18,000",54000,Asset Finance,Partially Paid,Delivered,3.3 out of 5,2,No,"KSh 570,925"
LCL-1261,45996,46022,Linda Nyambura,Dealer,26,WESTERN,Kakamega,Kakamega,Kakamega Yard,Mary Wanjiku,Referral,Nissan,NOTE,Hatchback,2026,petrol,AT,Silver,1,"KES 1,283,000",1.0M,0.25,"KSh 30,000","KSh 70,000",Asset Finance,Paid,completed,-,24,Y,not available
ORD1262,46008,06-Jan-26,Hassan Mutua,NGO,41,nairobi,NAIROBI,Nairobi,Main Yard,Faith Achieng,Walk-in,Bmw,BMW X5,SUV,2023,petrol,Automatic,red,1,"KSh 9,721,000","KES 8,010,000",5%,21000,"KSh35,000",M Pesa,Partially Paid,late,,36,N,9255950
LCL-1263,46099,46104,James Maina,corporate,67,Eastern,machakos,Athi River,Athi River Yard,mercy at1eno,REFERRAL,mitsubish,Canter,Truck,2020,Dsl,M/T,grey,2,"KSh 3,670,000",3025000,2%,152000,"KSh 200,000",Bank Transfer,cancelled,Cancelled,3,14,NO,#VALUE!
CAR1264,"Sep 21, 2025",45929,Grace Kiptoo,Government,59,rift valley,Nakuru,Nakuru,Nakuru Yard,Daniel Kimani,Facebook,Subaru,outback,Wagon,2016,Petrol,Automatic,SILVER,1,"KSh3,495,000",3038000,10 percent,"KSh 58,000",56000,mpesa,Completed,IN TRANSIT,4,15,No,"3,203,500"
LC1265,27-Dec-25,02/01/2026,Linda Wafula,dealer,63,Coast,Mombasa,Mombasa,Mombasa Port Yard,Mary Wanjiku,whatsapp,Subaru,forester,suv,2023,PMS,Automatic,Grey,1,3240000,error,3%,KSh0,"KES 172,000",Asset Finance,paid,Delivered,2.1 out of 5,42,FALSE,"KSh 3,313,800"
LCL1266,27-Apr-25,04/05/2025,Mary Mutua,Corporate,22,Rift Valley,nakuru,NAKURU,NKR Yard,Samuel,CORP TENDER,Isuzu,N-Series,Truck,2016,Petrol,Manual,Pearl,2,5963000,"KSh 5,364,000",No Discount,34000,missing,cash,Cancel,Cancelled,2.1 out of 5,23,No,KSh0
CAR1267,09/01/2026,29/01/2026,Samuel Mugambi,Ngo,34,COAST,MOMBASA COUNTY,Mombasa,MSA yard,Mary Wanj1ku,Referral,mitshubishi,outlander,Suv,2024,dsl,Automatic,pearl,1,"KSh 3,750,000",2.88M,3 percent,"KSh 131,000",0.16M,Asset Finance,partial,AT YARD,4.6,5,Yes,not available
LC1268,13-Jun-25,19/06/2025,James Njeri,Corporate,29,RIFTVALLEY,Nakuru,NKR,NAKURU YARD,Mercy Atieno,CORPORATE TENDER,Nisan,Juke,CROSSOVER,2025,Petrol,Automatic,grey,1,2114000,not available,0.5,169000,"KSh107,000",Cash,paid,completed,3,33,TRUE,1226000
ORD1269,April 31 2026,46134,Brian Kariuki,Corporate,,rift,Nakuru,Nakuru,nkr yard,Aisha  Mohamed,Referral,BENZ,E-250,SEDAN,2016,petrol,Automatic,white,3 cars,6140000,4722000,#ERROR,109000,"KES 123,000",Cash,Paid,delivered,3.3,21,No,"KSh 6,249,000"
LCL1270,"Apr 29, 2025",30/04/2025,Faith Njeri,Non Profit,40,Rift-Valley,Uasin-Gishu,Eldoret,eldoret yard,Samuel Mutua,Face book,Honda,Vezel Hybrid,CROSSOVER,2017,DIESEL,Automatic,Green,two,3017000,2683000,Disc,30000,"KES 57,000",CHEQUE,deposit paid,Delivered,4.9,8,No,not available
LC1271,46177,05/06/2026,Kevin Mohamed,NGO,29,Nyanza,Kisumu,KISUMU,Kisumu branch,Mercy Atieno,REFERRAL,Mazda,CX-5,SUV,2025,Petrol,A/T,Grey,3 cars,3673000,3088000,0.03,"KSh 105,000","KSh 110,000",Bank Transfer,Paid,Delayed,4,21,NO,3667810
ord1272,46040,46066,Winnie Kariuki,Government,42,western,kakamega,KAKAMEGA,Kakamega Yard,Mary Wanjiku,Insta,Honda,CR-V,suv,2025,PETROL,Automatic,Gre,1,not available,3781000,10%,"KSh149,000",126000,M-Pesa,completed,Done,4.8 out of 5,42,no,3941600
CAR1273,17/06/2026,46213,Brian Maina,NGO,52,RIFT VALLEY,Uasin-Gishu,Eldoret,Eldoret Yard,Faith Achieng,WALK-IN,Mazda,demio,hatchback,2023,DIESEL,at,Pearl,1,"1,185,000","KSh 948,000",3%,141000,159000,MPESA,Paid,IN TRANSIT,4,N/A,No,1290450
LCL1274,46169,46196,Mercy Kariuki,Corporate,44,RIFT VALLEY,uasin gishu,ELD,eldoret yard,Kevin,Instagram,totoya,Prado TX,SUV,2026,Petrol,Automatic,Blue,2,7948000,"KSh 6,126,000",7%,"KSh 87,000",missing,Bankers Cheque,Pending,Delivered,2.4,41,Yes,14.87M
LCL1275,"Jun 19, 2026",11/07/2026,Brian Mwangi,Individual,59,central,Kiambu,Thikka,Thika Yard,Mercy Atieno,insta,TOYOTA,Hiace,Van,2016,DIESEL,AUTOMATIC,GREY,3,5.32M,"KES 4,489,000",NULL,164000,missing,M Pesa,REFUND,DELAYED,4.7 out of 5,24,YES,0
